sex,count,value
M,337127,JAKUB
K,315644,JULIA
K,236890,ZUZANNA
M,225102,KACPER
K,205968,MAJA
K,204557,WIKTORIA
M,204543,SZYMON
M,187417,JAN
K,178216,ALEKSANDRA
M,177384,FILIP
K,177061,OLIWIA
K,173433,NATALIA
M,172173,ANTONI
K,167579,ZOFIA
M,166946,MICHAŁ
M,161495,MATEUSZ
K,160533,LENA
M,150518,ALEKSANDER
K,149020,HANNA
K,145468,AMELIA
M,144751,MIKOŁAJ
M,134478,FRANCISZEK
M,132573,ADAM
K,131335,ALICJA
M,129638,WOJCIECH
K,126250,MARIA
M,124692,PIOTR
M,120138,BARTOSZ
M,114636,DAWID
M,112381,WIKTOR
K,110235,EMILIA
K,109297,ANNA
K,98402,WERONIKA
M,97649,MARCEL
K,96673,MARTYNA
K,95477,LAURA
M,95336,STANISŁAW
M,94407,IGOR
M,91180,NIKODEM
K,88157,KAROLINA
K,86881,GABRIELA
M,86461,MACIEJ
M,82676,DOMINIK
K,82264,NIKOLA
M,81322,PATRYK
M,80573,MAKSYMILIAN
M,78715,LEON
M,78588,KAMIL
M,78237,OSKAR
M,77083,PAWEŁ
K,77050,ANTONINA
M,75587,OLIWIER
M,72610,KRZYSZTOF
M,71859,KAROL
K,71085,POLA
K,70617,MAGDALENA
M,70131,MIŁOSZ
M,68608,TOMASZ
M,65748,IGNACY
K,65242,NADIA
M,62402,HUBERT
M,61600,TYMON
K,60346,IGA
K,59645,PATRYCJA
K,59504,KLAUDIA
K,58781,MILENA
K,58566,PAULINA
K,58141,MICHALINA
K,57721,LILIANA
K,57719,MARCELINA
K,56517,KINGA
M,56399,ALAN
M,53825,BARTŁOMIEJ
M,53590,ADRIAN
K,52677,KATARZYNA
K,52008,KORNELIA
K,51712,HELENA
K,51387,AGATA
M,51116,TYMOTEUSZ
M,50204,SEBASTIAN
K,47368,DOMINIKA
M,46457,ŁUKASZ
M,44976,GABRIEL
M,44792,JULIAN
M,44333,KRYSTIAN
K,43961,MARTA
K,43703,JAGODA
K,40586,KLARA
M,39917,MARCIN
M,38838,FABIAN
M,38509,DAMIAN
M,37891,DANIEL
K,37402,MAŁGORZATA
K,36939,ŁUCJA
K,36592,BARBARA
K,36582,JOANNA
K,35905,BLANKA
K,34472,NINA
K,32131,KAJA
M,30405,KONRAD
M,29460,NATAN
K,29286,IZABELA
M,28519,ARTUR
K,27990,ANASTAZJA
K,27946,KAMILA
M,27860,KSAWERY
K,27395,DARIA
K,27366,NELA
M,27189,GRZEGORZ
K,26767,SARA
M,26162,RAFAŁ
K,24681,SANDRA
K,24099,EWA
M,23889,ERYK
K,23304,LILIANNA
M,23183,PRZEMYSŁAW
M,22764,BRUNO
M,21746,BORYS
K,21699,MATYLDA
M,21412,OLAF
K,21197,AGNIESZKA
M,20836,KAJETAN
M,20686,KUBA
K,20581,ANIELA
M,20125,CEZARY
M,20029,BŁAŻEJ
K,19888,ROKSANA
K,19698,ADRIANNA
K,19624,JUSTYNA
K,19019,MONIKA
K,18837,RÓŻA
K,18527,ELIZA
K,18081,OLGA
M,17581,RADOSŁAW
M,17417,ROBERT
M,16958,MAREK
K,16565,ROZALIA
M,16505,TADEUSZ
K,16274,KALINA
K,16260,MIA
K,16031,MALWINA
K,15748,URSZULA
M,14411,JÓZEF
M,14261,ARKADIUSZ
M,13607,OLIVIER
K,13526,LIWIA
K,13420,LIDIA
K,13392,MARIANNA
M,13172,ANDRZEJ
M,13151,KORNEL
M,13143,TOBIASZ
M,12839,HENRYK
M,12810,EMIL
M,12763,WITOLD
K,12493,ANGELIKA
K,12312,AURELIA
M,12067,NORBERT
M,11904,GRACJAN
K,11869,DOROTA
M,11696,JERZY
K,11179,EWELINA
K,11166,OLIVIA
M,11077,ALEX
M,10466,KAZIMIERZ
M,10182,JACEK
K,10150,MARIKA
M,9967,MILAN
K,9837,BIANKA
M,9783,ALEKS
K,9483,SYLWIA
K,9418,MELANIA
K,9319,KARINA
M,9244,STEFAN
M,9156,NATANIEL
K,8669,DAGMARA
K,8609,GAJA
M,8604,ALEXANDER
M,8523,MIESZKO
K,8490,NICOLA
K,8344,NATASZA
M,8331,RYSZARD
K,8067,JULITA
M,7960,TEODOR
K,7918,DIANA
K,7870,VICTORIA
K,7859,VANESSA
M,7819,LEONARD
M,7615,DARIUSZ
K,7554,MARLENA
M,7467,DORIAN
M,7400,MARIUSZ
M,7298,GUSTAW
M,7217,KONSTANTY
K,7213,ADA
M,6904,SEWERYN
M,6795,REMIGIUSZ
K,6781,IDA
K,6781,APOLONIA
M,6702,JULIUSZ
K,6689,WANDA
K,6678,ELŻBIETA
K,6584,ZOJA
M,6570,BRAJAN
K,6535,NICOLE
M,6496,OLIVER
K,6434,ANITA
M,6432,ALBERT
M,6405,JĘDRZEJ
M,6321,LEO
M,5949,DAVID
M,5852,FELIKS
M,5852,IWO
M,5841,JEREMI
M,5758,SAMUEL
K,5699,ELENA
K,5677,RITA
K,5622,LUIZA
K,5515,INGA
M,5490,CYPRIAN
K,5483,JADWIGA
K,5462,EMMA
M,5356,MAKSYM
K,5332,SONIA
K,5176,JESSICA
K,5141,JAGNA
K,4957,STEFANIA
K,4844,SOFIA
K,4738,ANETA
M,4622,FLORIAN
M,4621,ERNEST
K,4588,BEATA
K,4575,NEL
M,4568,KORDIAN
K,4485,KRYSTYNA
K,4462,JOWITA
K,4452,PAULA
K,4424,MAYA
K,4333,LILIA
K,4304,JANINA
K,4155,JAŚMINA
M,4074,JAROSŁAW
K,4043,JULIANNA
K,3902,MAGDA
K,3865,ALINA
K,3814,EDYTA
K,3810,SABINA
K,3801,TERESA
K,3785,JUDYTA
K,3679,FAUSTYNA
K,3608,ANDŻELIKA
K,3591,LEA
M,3553,KEVIN
M,3551,WŁADYSŁAW
M,3537,KLAUDIUSZ
M,3537,BENIAMIN
K,3481,CELINA
M,3451,LUDWIK
K,3423,IZABELLA
M,3399,MAXIMILIAN
K,3345,ESTERA
M,3338,ALEKSY
K,3332,TOLA
M,3292,SYLWESTER
K,3291,ADELA
M,3278,ROMAN
M,3276,LUCJAN
M,3209,MARK
K,3175,OTYLIA
M,3174,DENIS
M,3107,MAURYCY
K,3097,LARA
M,3081,OLIWER
M,3039,MARCELI
M,3030,ZBIGNIEW
M,3015,SŁAWOMIR
K,3009,LILA
K,2995,NOEMI
K,2947,KONSTANCJA
K,2899,TATIANA
M,2891,HUGO
K,2852,VIKTORIA
K,2849,AMANDA
M,2847,JEREMIASZ
M,2786,OSCAR
K,2766,WANESSA
M,2761,EDWARD
K,2722,IWONA
M,2695,FRYDERYK
M,2673,OLGIERD
M,2588,NICOLAS
K,2581,FELICJA
M,2556,SZCZEPAN
K,2512,IRENA
K,2488,DANUTA
K,2474,JOLANTA
M,2463,MARTIN
M,2434,KEWIN
K,2276,WIOLETTA
K,2225,MILA
M,2221,OKTAWIAN
K,2213,ILONA
M,2154,NATHAN
M,2150,MAX
K,2150,SAMANTA
K,2143,ADRIANA
M,2133,ARON
M,2128,NIKOLAS
M,2090,KSAWIER
M,2080,JOACHIM
M,2077,TYTUS
K,2064,ANTONIA
M,2033,BOGDAN
M,2028,JANUSZ
M,2024,MAKS
M,2019,MIROSŁAW
M,2006,XAVIER
K,1990,OKTAWIA
M,1972,AMADEUSZ
K,1970,LIVIA
M,1954,VICTOR
K,1921,SOPHIE
M,1897,MICHAEL
K,1869,EMILY
K,1865,INES
K,1841,LUCYNA
K,1840,TAMARA
K,1838,GLORIA
K,1806,ALEXANDRA
K,1799,MILANA
M,1784,JONASZ
K,1784,ŻANETA
K,1695,MARZENA
M,1679,SERGIUSZ
M,1665,LESZEK
M,1661,BENJAMIN
M,1659,VINCENT
K,1640,INEZ
K,1637,FRANCISZKA
M,1623,LIAM
M,1617,KOSMA
M,1586,JONATAN
K,1570,OLIMPIA
M,1566,BERNARD
M,1553,EMILIAN
M,1538,KORNELIUSZ
K,1511,MALINA
M,1497,WINCENTY
M,1456,PATRICK
K,1454,MICHELLE
M,1432,KASJAN
M,1423,ARTEM
M,1421,VIKTOR
M,1414,KRYSPIN
K,1389,HALINA
M,1382,BRUNON
K,1382,FLORENTYNA
K,1380,INKA
K,1361,OLA
K,1351,HONORATA
K,1340,MIRIAM
K,1334,SOPHIA
M,1327,MIRON
M,1310,JACOB
K,1303,SOFIIA
K,1301,STELLA
M,1261,KASPER
M,1255,ZIEMOWIT
K,1251,KLEMENTYNA
K,1235,EVA
M,1217,EMANUEL
K,1213,MARCELA
M,1208,MARIAN
K,1191,ALISA
M,1188,IRENEUSZ
K,1186,AURORA
K,1151,RENATA
M,1148,BOLESŁAW
M,1139,ROCH
K,1134,CECYLIA
K,1134,WIOLETA
K,1129,WANESA
K,1112,KIRA
K,1102,MARIOLA
M,1094,LEONARDO
M,1090,BOGUSŁAW
K,1087,SARAH
K,1085,VERONIKA
K,1083,MIRA
K,1080,JÓZEFINA
K,1077,NAOMI
M,1055,ANTHONY
K,1053,NIKOL
K,1046,CLAUDIA
K,1041,CARMEN
M,1034,CZESŁAW
K,1025,DANIELA
K,1018,ARIANA
K,1003,LARYSA
K,993,BOŻENA
K,984,MAJKA
M,982,PHILIP
K,978,POLINA
K,977,LILY
M,970,OLEKSANDR
M,965,ZYGMUNT
M,965,THOMAS
M,964,BRAYAN
M,958,AARON
M,957,WALDEMAR
K,939,ZLATA
K,935,DALIA
M,923,ELIASZ
K,921,ANASTASIA
K,918,KSENIA
K,915,NATALIE
K,914,MELISA
M,910,MIECZYSŁAW
K,894,MARIETTA
K,890,JANA
M,887,MATVII
K,884,LILLY
M,880,OLEG
M,875,ZACHARY
M,871,GNIEWOMIR
K,869,GABRIELLA
K,863,NICOL
M,862,KASPIAN
M,860,ERWIN
K,835,IRMINA
K,834,MARCJANNA
K,830,HANNAH
M,828,BRIAN
K,827,ZOE
M,825,IVO
M,824,LEOPOLD
K,812,HANA
M,812,GERARD
K,811,IDALIA
K,801,ADELINA
M,791,ANTONIO
K,790,BOGUMIŁA
K,785,LETYCJA
M,783,BOGUMIŁ
M,781,NATHANIEL
M,780,WILLIAM
K,777,DOBRAWA
M,776,IVAN
M,774,MAXYMILIAN
K,770,VERONICA
K,766,ISABELLA
M,760,GNIEWKO
M,754,WINCENT
K,752,NELLY
K,751,ROMA
M,741,BENEDYKT
M,740,SIMON
K,728,ABIGAIL
M,725,MATTHEW
K,724,LUNA
K,713,GRAŻYNA
M,713,NOAH
M,712,NICHOLAS
K,705,KAYA
M,699,COLIN
M,692,LUKAS
M,685,BRONISŁAW
K,684,BIANCA
K,681,STANISŁAWA
K,679,ANGELINA
M,677,TIMUR
K,677,SELENA
K,674,LILLA
K,672,DOBROSŁAWA
K,665,BOGNA
M,665,DOMINIC
M,663,NIKITA
M,654,LUCAS
M,654,KLEMENS
M,652,BRYAN
M,647,TEO
K,644,ALICE
K,643,ELWIRA
K,636,JASMINA
M,631,FRANEK
M,629,FELIX
M,622,VLADYSLAV
K,620,ALICIA
K,616,MELISSA
K,616,DŻESIKA
K,612,MARINA
K,604,MARIIA
K,603,LILI
M,598,PASCAL
M,597,EDMUND
M,594,CHRISTIAN
M,590,ALLAN
M,585,KAI
K,583,OKSANA
K,576,WALERIA
K,576,LAILA
M,576,LEW
K,575,ARINA
M,573,MATTEO
M,569,ERIK
K,565,BERENIKA
K,563,GRETA
M,562,DMYTRO
K,560,ANIKA
M,555,BARTEK
M,553,MARCO
M,549,WIT
M,542,WIESŁAW
M,533,MAKAR
K,532,HIACYNTA
M,529,KRZESIMIR
K,529,MARYLA
K,529,ERYKA
M,528,TYMOFII
K,527,MIRELLA
M,525,RYAN
M,525,ANTON
M,523,JONATHAN
K,520,ROXANA
K,517,ARLETA
M,516,DIEGO
K,514,JENNIFER
K,514,ORIANA
M,513,ARIEL
K,511,BERNADETA
M,503,DANIIL
K,502,NELLA
M,502,NAZAR
M,501,DANYLO
K,500,MARTINA
K,497,NASTIA
M,496,ERIC
M,489,DYLAN
K,487,ANASTASIIA
M,486,NOEL
M,485,DAMIR
K,481,LIA
K,481,IZA
K,477,EMILIIA
K,474,NELIA
K,473,NELL
M,473,JAKOB
K,472,NIKA
M,470,LUKA
M,469,OREST
M,468,AUGUSTYN
M,468,RAFAEL
M,468,HENRY
M,467,MARKO
M,467,KARIM
K,466,LAYLA
M,465,MYKHAILO
K,465,LEILA
M,462,TRISTAN
M,459,CYRYL
K,459,VIVIEN
K,458,GAIA
M,456,MARKUS
K,455,NADZIEJA
K,455,CLARA
K,451,ELEONORA
K,451,KASANDRA
M,450,OLEK
M,449,LUCA
M,449,BASTIAN
M,448,JUSTIN
K,442,MARITA
M,439,ZACHARIASZ
M,437,RAYAN
M,434,FELICJAN
M,432,JOSHUA
K,431,VIKTORIIA
K,431,JASMIN
K,429,YEVA
M,429,CASPER
K,428,SOLOMIIA
K,427,SOFIJA
M,426,ARTHUR
M,426,MAKARY
K,424,PAMELA
K,420,NIKOLETTA
M,419,XAWERY
K,418,REGINA
M,417,WŁODZIMIERZ
K,415,BRYGIDA
K,413,GIULIA
K,412,INA
M,411,ANDRII
M,409,FRANK
M,409,AUGUST
K,407,OLEKSANDRA
M,407,ZDZISŁAW
M,405,THEO
K,404,JESSIKA
K,404,ELISA
M,401,MAKSIM
K,394,MANUELA
M,392,ALEK
K,392,ANGELA
M,391,MAXIM
M,390,ALESSANDRO
K,388,LISA
K,384,AMINA
M,382,BOHDAN
K,380,ELIZABETH
M,379,PAUL
M,378,AMIR
M,378,IWAN
M,375,DAVYD
M,374,SAMBOR
K,374,ZOYA
M,374,NOE
M,373,EUGENIUSZ
M,371,ETHAN
K,369,OLENA
K,369,KATERYNA
M,368,JORDAN
M,368,LECH
M,366,CHRISTOPHER
K,366,SIMONA
K,365,MIROSŁAWA
M,363,FRANCESCO
M,362,ANATOL
M,361,EDGAR
M,360,JOEL
M,358,JAMES
K,358,JASMINE
K,358,CHARLOTTE
M,357,KRISTIAN
K,353,JESIKA
M,352,LOUIS
K,350,ELLA
K,349,EVELINA
K,349,ANDREA
K,347,ALDONA
M,347,ALI
M,344,NIKO
K,342,HALSZKA
M,337,JOHN
M,337,HEKTOR
K,334,BERNADETTA
K,333,PATRICIA
M,332,IAN
K,332,MARIE
M,331,YAROSLAV
M,331,ROLAND
M,330,DENNIS
K,327,LINDA
M,326,MANUEL
M,326,GNIEWOSZ
M,325,LEV
K,325,MATILDA
M,321,OMAR
K,318,NATASHA
M,317,LUIS
M,315,HIERONIM
K,314,MAIA
K,314,DOBROCHNA
M,310,TYCJAN
M,310,NICO
K,309,SABRINA
M,309,ALEXANDRE
K,309,LEOKADIA
M,308,ZENON
M,307,PETER
K,307,VARVARA
M,302,TOBIAS
M,301,ARSEN
K,301,ARIANNA
M,300,KAJ
K,298,LEYLA
K,298,CHLOE
M,295,ARMIN
M,292,ILLIA
M,291,MATEO
M,289,JAROMIR
K,286,LEONIA
K,286,JÓZEFA
M,285,RUBEN
K,285,LUKRECJA
K,285,ERIKA
M,282,TEOFIL
K,282,CHIARA
K,281,FLORA
K,278,VIVIENNE
M,278,AXEL
K,278,DAJANA
M,273,NATANAEL
K,271,VALENTINA
M,268,MARCUS
K,266,MELANIE
K,266,AMELIE
K,261,ZOSIA
K,261,LUDWIKA
K,259,DOBROMIŁA
K,257,VIOLETTA
M,257,SANTIAGO
K,256,BOGUSŁAWA
K,253,ANA
K,252,SAMIRA
K,250,JULIANA
M,250,WILHELM
M,250,JOSEPH
K,249,SAMANTHA
K,249,ELIANA
M,249,LORENZO
M,247,DENYS
K,247,MICHAELA
M,247,EDWIN
K,247,YASMIN
K,246,KATIA
M,245,BAZYLI
K,245,NIKOLINA
M,244,MIKE
K,244,MIJA
K,243,EMANUELA
M,242,ELIAS
K,240,ARIADNA
K,239,LUDMIŁA
M,239,MICHAL
M,238,ARIAN
M,237,VOLODYMYR
K,236,LUCY
K,234,NASTAZJA
M,233,WAWRZYNIEC
M,232,FABIO
M,231,RADOMIR
K,231,SUSANNA
K,230,ARIA
M,230,CRISTIAN
M,230,DOBROMIR
K,230,CAROLINE
K,230,AMIRA
K,229,GRACJA
K,228,CAROLINA
K,227,ROSE
M,226,SERAFIN
K,226,FRANCESCA
K,225,NOELIA
M,223,PHILIPP
K,221,KARMEN
K,219,KIARA
K,218,AMY
K,218,DAGNA
K,217,MIKA
K,217,NATHALIE
K,215,JESICA
K,213,GRACJANA
M,213,ANGELO
K,212,WALENTYNA
M,211,DEMIAN
K,211,FATIMA
M,210,DAVIDE
K,210,MARIAM
M,210,ANTEK
K,207,ISMENA
M,207,WOJTEK
K,205,ŻAKLINA
M,205,AURELIUSZ
K,205,ZUZA
M,205,SAMIR
M,202,BRANDON
M,202,BRAIAN
M,202,KILIAN
K,201,YELYZAVETA
K,201,AISHA
M,200,MATVIY
M,199,SEAN
K,199,LORENA
K,196,DARYNA
M,195,ANDREAS
K,195,MEGAN
M,195,BOGUSZ
K,194,VALERIA
K,193,ARLETTA
K,191,YANA
M,191,TYBERIUSZ
K,191,DEBORA
K,191,DONATA
M,190,JACK
M,190,STANISLAV
M,190,PHILLIP
M,188,EMMANUEL
M,188,TIMOTHY
K,188,ALESSIA
K,187,EMILIE
K,187,EMILA
M,187,ALEKSANDR
K,185,MILLA
M,185,MAXIME
K,181,MIIA
K,181,MIRELA
K,180,SOFIE
M,179,MILO
K,177,VALERIIA
K,176,SALMA
K,175,RAMONA
M,175,ZAKHAR
K,174,BLANCA
K,172,OFELIA
K,172,LEAH
K,172,ANGELICA
M,171,PASKAL
K,171,REBEKA
K,171,OLIVIIA
M,171,TOMAS
K,171,ISABEL
M,170,CARLOS
M,170,SVIATOSLAV
M,169,JASON
M,169,DYMITR
K,168,LARISSA
K,168,ULIANA
M,168,ROBIN
K,168,ALENA
M,167,BEN
K,167,NADINE
M,165,MIKOLAJ
M,164,MICHELE
K,164,LUISA
K,164,EUNIKA
K,164,ELINA
K,164,MIŁOSŁAWA
M,163,XAWIER
M,162,MARIO
M,161,DENIZ
K,161,MARGARITA
M,160,MUHAMMAD
K,159,CORNELIA
M,159,TOM
M,158,GABRIELE
M,158,KONSTANTYN
K,158,ZARA
M,158,ANTONY
K,156,KAYLA
K,155,MIRANDA
K,155,MYROSLAVA
K,155,CARLA
M,155,KIRILL
M,153,SIMONE
M,153,PLATON
M,153,LESŁAW
K,152,MALIKA
M,152,STANISLAW
K,152,WIESŁAWA
M,151,MIKHAIL
M,151,ANDREA
K,151,ADELAJDA
M,151,EMIR
K,150,NIKOLETA
K,150,NOA
K,150,BALBINA
M,149,RICCARDO
K,149,WIRGINIA
K,148,KAREN
K,148,BELLA
M,146,MIGUEL
K,146,VITTORIA
K,146,KAMELIA
M,145,GUSTAV
K,144,ALMA
K,144,KLAUDYNA
M,143,MAXIMILLIAN
K,143,CHANEL
K,143,ANATOLA
K,142,SOLOMIA
K,142,ISABELLE
K,142,NADJA
K,142,KESJA
K,141,AYLA
M,141,JONAS
M,141,PAVLO
M,139,OSTAP
M,139,MARSEL
M,139,RAGNAR
M,139,JAREMA
K,139,HANIA
K,138,SOFIYA
M,138,TIM
M,137,THEODORE
M,137,VALENTINO
M,137,DANIL
M,136,PATRIK
K,135,NICOLETTA
K,135,AYA
K,135,ALESSANDRA
M,134,IBRAHIM
K,134,SCARLETT
M,134,JEREMY
M,133,DASTIN
M,133,TYMUR
M,132,GIOVANNI
K,132,LUCIA
M,131,MAGNUS
M,131,HARRY
M,131,ANDREW
K,130,RACHELA
K,130,ILIANA
M,130,ANTOINE
K,130,KORA
K,129,CATALEYA
M,129,YAN
M,129,AMBROŻY
M,128,ITAN
K,128,MARYAM
M,128,MYKOLA
K,127,LILLI
K,127,VIVIANA
K,127,SYNTIA
M,126,LOGAN
K,125,ASTRID
K,125,CAMILLA
K,124,LIZA
M,124,DANYIL
K,123,AMALIA
M,123,ROGER
K,123,SALOMEA
M,123,VLADISLAV
K,123,LIGIA
K,122,TINA
M,122,RICHARD
M,121,OKTAWIUSZ
M,121,DIONIZY
M,120,OLEKSII
K,120,WIWIANA
M,120,ALFRED
K,119,BRONISŁAWA
K,118,AIDA
M,117,SAMI
M,117,YEHOR
K,117,MIYA
M,116,LUCJUSZ
K,116,ZYTA
K,115,VERA
K,115,CHANTAL
M,114,ENZO
M,114,NOLAN
K,113,KAZIMIERA
M,113,LUBOMIR
M,113,WALENTY
M,112,DACJAN
M,112,ARNOLD
K,112,YASMINE
K,110,SUSANNE
M,110,MYRON
M,109,SAJMON
K,109,NICOLL
M,108,HERBERT
M,108,THEODOR
M,108,MATTIA
K,108,SUZANNA
K,107,KORNELA
M,107,MATVEY
K,107,CELESTYNA
K,107,MONICA
M,107,CHARLES
K,107,ELISABETH
K,105,JULIE
K,105,YASMINA
M,105,WACŁAW
K,105,KASJANA
K,105,SUZANNE
K,104,ANASTASIYA
M,104,CHARLIE
M,104,KIRIL
M,103,ALESSIO
M,103,PABLO
M,102,MOHAMED
K,102,LINA
K,102,KRISTINA
K,102,PAOLA
K,101,AVA
K,101,FILOMENA
K,100,FLORENCJA
K,99,EUGENIA
K,99,AMBER
M,99,FEDERICO
M,98,MYROSLAV
M,97,ALBIN
K,97,VANESA
K,97,MELA
K,96,JANKA
M,96,KYRYLO
M,96,AHMED
K,96,LARISA
K,95,JULIETTE
M,95,RICARDO
M,95,CHRYSTIAN
K,95,CYNTIA
K,94,KAMILLA
M,94,BORIS
M,94,YURII
M,94,RAJAN
K,94,MIROSLAVA
K,93,GABRIELLE
K,93,KATALEJA
K,93,TOSIA
K,93,HELEN
M,93,RADZIMIR
K,92,IMAN
K,92,LÉA
M,92,CONRAD
K,92,NELLI
K,92,INGRID
K,91,ANABELLA
K,91,ALIA
M,91,ALEJANDRO
K,91,EMILI
M,91,MAGOMED
K,91,ANATOLIA
K,91,ROSA
M,90,AKSEL
M,90,TIMOFEY
M,90,PAVEL
M,89,MATTHIAS
K,89,WŁADYSŁAWA
M,89,LUKE
K,88,MALENA
K,88,CZESŁAWA
K,88,RAYANA
K,87,RAISA
M,87,EMILIO
M,87,LIONEL
M,87,RAJMUND
K,87,NAWOJKA
K,87,WERA
M,86,SYRIUSZ
K,86,ELIZAVETA
M,86,ZAHAR
M,85,SERHII
M,84,FRANCIS
M,84,BALTAZAR
M,84,EVAN
K,83,SOLOMIJA
M,83,ALOJZY
M,83,ZACHAR
M,83,DAJAN
M,83,PAOLO
K,82,ANHELINA
K,82,AMELIIA
M,82,AIDEN
M,82,JAVIER
K,82,GRACE
M,82,JANEK
K,82,ADEL
K,82,PIA
K,81,LEIA
K,81,NILA
M,81,GILBERT
M,81,BARNABA
M,81,PHILIPPE
K,81,VLADYSLAVA
K,81,ELIF
K,80,ELENI
M,80,GEORGE
K,80,KARLA
M,80,ISMAEL
K,79,DANA
M,79,MATHIAS
K,79,ANIA
K,78,MELODY
K,78,KATHERINE
K,77,RONI
K,77,NELI
M,77,TIAGO
M,76,GIUSEPPE
K,76,MARYSIA
K,76,MERCEDES
K,76,AYLIN
M,76,GASPAR
K,76,VIVIAN
M,76,LÉO
M,75,STEVEN
M,75,RAPHAEL
K,75,MOLLY
K,75,LANA
K,75,SOLOMIYA
M,75,KONSTANTIN
K,74,FREYA
M,74,BOŻYDAR
M,74,MARIA
M,74,MYKYTA
M,74,NIKLAS
M,74,PAWEL
M,74,NOAM
K,74,LATIKA
K,73,CHRISTINA
K,73,DARINA
M,72,ROBERTO
M,72,GLEB
M,72,GORAN
K,72,MARHARYTA
M,71,GERALD
K,71,LETICIA
M,71,GAWEŁ
M,71,NORMAN
M,71,PATRYCJUSZ
K,71,WIERA
M,71,ROMUALD
M,71,JASPER
K,71,KAIA
K,71,MIŁA
K,70,HENRYKA
M,70,MASON
K,70,NIKITA
M,69,OLEH
M,69,NESTOR
K,69,MELANIIA
M,69,YUSUF
M,69,TYMOFIY
M,69,MICHEL
M,69,DANTE
K,68,ELA
K,68,FLAWIA
M,68,ORLANDO
M,67,FREDERICK
K,67,LIANA
K,66,ALEXIA
K,66,HEIDI
M,66,MARTYN
M,66,ARYAN
M,66,ILIAN
M,66,ARMANDO
K,66,LIJA
K,66,ARIELA
M,66,IDO
M,66,ANDRIY
K,65,MARIANA
M,65,JEGOR
M,65,RAUL
M,65,JUAN
K,65,LILLIAN
K,65,KHRYSTYNA
M,65,JUSTYN
M,65,TYMOFIJ
K,64,TULIA
M,64,EGOR
K,64,MARTHA
M,64,SIEMOWIT
M,63,YEVHEN
M,63,NICODEM
K,63,REBECCA
K,63,SYLVIA
M,63,ELDAR
K,63,JAGIENKA
M,63,MIROSLAV
K,63,ANNIKA
K,62,OLHA
M,62,MATVEI
K,62,YULIIA
K,62,LEONIE
M,62,ALEXANDROS
M,62,LÉON
M,62,ILYA
K,61,MARIYA
K,61,ANNABELLE
M,61,ROSTYSLAV
K,60,RUTA
K,60,ROSALIA
M,60,EUZEBIUSZ
K,60,ADELE
M,60,ELLIOT
M,60,DUSTIN
M,60,HORACY
M,59,IZAAK
M,59,RADEK
K,59,MARISA
M,59,THIAGO
M,59,YASIN
K,59,IRIS
M,59,TIMO
M,58,YOAV
K,58,KSENIIA
K,58,CIRILLA
K,58,DELFINA
K,58,AALIYAH
M,58,ISMAIL
K,58,GENOWEFA
M,58,LARS
K,58,LILIAN
M,58,MAXIMUS
M,57,TARAS
M,57,MATWIEJ
K,57,YAROSLAVA
M,57,PEDRO
M,57,FRANCISCO
M,56,ILIA
K,56,PELAGIA
K,56,JACQUELINE
M,56,MAIK
M,56,ISLAM
K,56,IVANNA
K,55,FLORIANNA
K,55,LUCJA
M,55,SANTINO
K,55,ARYA
M,55,ANDREI
M,55,MATWIJ
M,55,ROMEO
K,55,ALIYA
M,55,VADYM
K,55,CHLOÉ
M,55,KLIMEK
M,54,LEONID
K,54,CAMILA
K,54,ZORIANA
K,54,YAEL
M,54,MATVIJ
K,54,RUT
M,53,SASZA
M,53,TONY
M,53,MACIEK
K,53,SHIRA
K,53,SAWA
K,52,ELLEN
K,52,ESTER
M,52,MIKAEL
M,52,NIKOLAI
M,52,YANN
K,52,ROSALIE
M,52,RUDOLF
K,52,IRYNA
K,52,LOUISE
K,52,LÉNA
K,51,LILLIANA
K,51,PATRIZIA
M,51,OMER
K,51,MARYNA
K,51,FRIDA
K,51,MIKAELA
M,51,RUSLAN
K,51,AGATHA
M,51,JOSEF
K,51,DĄBRÓWKA
K,50,KELLY
M,50,MASSIMO
M,50,YOUSSEF
K,50,LYDIA
M,50,PIETRO
M,50,MARC
K,50,LENKA
K,50,EMI
K,50,LIYA
M,50,KOSTIANTYN
K,50,DARIIA
K,50,SŁAWA
K,50,SOFI
K,50,KATIE
K,50,DANIELLA
K,49,AFINA
M,49,MAXYM
K,49,INDIA
M,49,STEPAN
M,49,GIACOMO
M,49,MAXWELL
K,49,JOSEPHINE
K,49,MAIIA
K,49,SILVIA
K,48,VIRA
K,48,KATJA
M,48,DANIELE
M,48,USTYM
M,48,GERALT
M,48,STANLEY
M,47,ADRIEN
K,47,POLIANNA
K,47,ELLIE
K,47,ŻYWIA
K,47,KATRINA
K,47,ANJA
M,47,YUVAL
M,46,GROMOSŁAW
K,46,IVY
M,46,ROY
K,46,VIRGINIA
M,46,JAMIE
M,46,ABDUL
K,46,ESTHER
K,46,ULYANA
M,46,VITO
M,46,FILIPPO
K,46,MARIETA
K,46,KATE
M,46,TIMOFEI
K,45,KHAVA
M,45,VITALII
M,45,KALEB
M,45,ELIOT
K,45,SUSAN
M,45,MELCHIOR
M,45,COLLIN
M,45,MILOSZ
M,45,ADEM
K,45,ZUZANA
M,45,AIDAN
M,45,OTTO
M,45,RAPHAËL
K,44,IWA
K,44,WARWARA
M,44,TOMMY
M,44,ADRIANO
M,44,MALIK
M,44,JAYDEN
K,43,CECILIA
K,43,ASHLEY
K,43,STEFANIIA
K,43,RUBY
M,43,MARCELIN
M,43,GUY
K,43,HOLLY
K,43,STEPHANIE
K,43,SORAYA
M,43,ALBERTO
M,43,YAKUB
M,43,MINH
K,43,TEODOZJA
K,43,ALANA
K,43,PETRA
K,43,FELICIA
M,42,YOUSEF
M,42,MICHAIL
K,42,CELIA
M,42,YASSIN
K,42,EULALIA
M,42,JAROSLAV
K,42,LOLA
K,42,SONJA
K,41,CATHERINE
K,41,ADELIA
K,41,ZLATOSLAVA
M,41,MAXIMILIEN
M,41,JULIEN
M,41,THÉO
K,41,KATERINA
M,41,AMIN
K,41,BOGDANA
M,41,KSAVIER
K,41,XENIA
K,41,MATHILDA
M,41,IHOR
K,40,KATHARINA
K,40,VIKTORIYA
M,40,LUKIAN
M,40,KYLE
K,40,ULA
M,40,ALEC
M,39,NAZARII
M,39,VINCENZO
M,39,LUDWIG
M,39,LUKASZ
K,39,ALISHA
K,39,SELIN
K,39,CYNTHIA
M,39,HAMZA
M,39,ORI
M,39,LEONIDAS
K,39,MARY
M,39,KOSTEK
K,39,DAISY
K,38,KIMBERLY
M,38,TOMEK
K,38,GAYA
K,38,TETIANA
M,38,MATHIEU
M,38,KYRYL
M,38,RODRIGO
M,38,JEAN
K,38,IVANKA
K,38,BOHDANA
K,38,FIONA
K,38,AMÉLIE
M,37,IVAR
K,37,MICHELA
K,37,MALVINA
M,37,ABDULLAH
M,37,ZBYSZKO
K,37,ELISE
K,37,ROXANNE
K,36,YARYNA
K,36,ZOË
K,36,ANABEL
M,36,TOMER
M,36,JACOPO
K,36,LETIZIA
M,36,DONATAN
K,36,SAFIYA
M,36,MIŁOSŁAW
M,36,ELIJAH
M,36,MERT
K,36,THEA
M,35,HENRIK
K,35,ELIZABET
M,35,ILIAS
K,35,ALBINA
M,35,ISAAC
M,35,ARSENII
M,35,ITAY
M,35,SASHA
K,35,MAURA
M,35,ARMAN
K,35,ZOI
M,35,JAROSLAW
M,34,VALENTIN
K,34,ZOÉ
M,34,MIHAIL
K,34,LEJLA
K,34,CLAIRE
M,34,ELIAN
K,34,AISZA
M,34,NICOLA
K,34,NADIIA
M,34,CASPIAN
K,34,LOUISA
M,34,ARMANI
M,34,OWEN
K,34,CASSANDRA
M,34,TIGRAN
K,34,TEKLA
K,34,PAULINE
M,34,IGNACIO
K,34,ESMERALDA
K,34,LILIANE
M,33,CARLO
K,33,VASILISA
M,33,MIRAN
K,33,ROZA
K,33,MIŁKA
M,33,AYAN
M,33,NIKOS
M,33,FINN
M,33,IDRIS
K,33,SIENNA
M,33,HERMAN
K,33,AMAYA
M,32,WINICJUSZ
K,32,ISABELL
M,32,XAVERY
M,32,IZYDOR
M,32,STANISLAS
K,32,FLAVIA
M,32,IDZI
K,32,DILARA
K,32,MATILDE
M,32,SYMEON
M,32,AMIT
M,32,AHMAD
K,32,ALISIIA
K,32,SYBILLA
M,31,MOHAMMAD
K,31,RACHEL
M,31,FIODOR
K,31,TESSA
M,31,YEVHENII
M,31,WLADYSLAW
K,31,TIFFANY
M,31,ZAWISZA
K,31,RAFAELA
M,31,ASLAN
M,31,DOMINICK
K,31,OCTAVIA
M,31,MATIAS
K,31,MADELEINE
K,31,SASKIA
M,31,MARCELLO
K,31,TEONA
M,30,JULIUS
K,30,ZARINA
M,30,TOMMASO
M,30,TADEI
K,30,ROSIE
K,30,TAMAR
K,30,MASZA
K,30,JENIFER
K,30,MARGARYTA
M,30,WALTER
K,30,ROXANNA
K,30,LIV
M,30,SALVADOR
K,30,LEONA
M,30,NIKOLAJ
K,30,KRZYSZTOFA
M,30,MARKIIAN
M,29,FERNANDO
M,29,JAKE
K,29,ODETA
M,29,SVYATOSLAV
K,29,SELINA
M,29,ELI
M,29,ZLATAN
K,29,ISLA
K,29,MARGARET
K,29,MARIJA
K,29,LAUREN
K,29,TEODORA
K,29,SOFÍA
K,29,NORA
K,29,POLIANA
K,29,CRISTINA
M,29,KONSTANTINOS
K,29,ZOEY
K,28,JENNY
K,28,ILARIA
K,28,ANYA
K,28,IRMA
K,28,ANNABELLA
K,28,ANASTASIJA
M,28,MOHAMMED
M,28,WITEK
M,28,ANDRIJ
K,28,FABIANA
M,28,JOZEF
K,28,TARA
M,28,XANDER
K,28,ARMINA
M,28,HIPOLIT
M,28,MUSTAFA
K,28,FLORENCE
M,28,CONNOR
M,27,ROSTISLAV
M,27,ZACK
K,27,ALISIA
M,27,SAMUELE
K,27,EMA
K,27,NIKOLE
M,27,YEGOR
M,27,HUGON
K,27,IRINA
K,27,MERYEM
K,27,KIM
K,27,MADLEN
K,27,JULIETTA
K,27,NOGA
M,27,BJORN
K,27,MARGARETA
M,27,VASYL
M,27,YAREMA
M,27,KOLIN
K,27,LAWINIA
M,27,JURIJ
M,27,DEXTER
M,27,ENRICO
M,27,MARCJAN
K,27,NELLIE
K,27,YEVHENIIA
M,26,ARAM
K,26,MATHILDE
K,26,AMÉLIA
M,26,MAJKEL
M,26,YONATAN
K,26,NATALIIA
K,26,MINH ANH
K,26,ANASTAZIA
M,26,VADIM
K,26,SASHA
M,26,CRISTIANO
M,26,KHAMZAT
K,26,KSYMENA
M,26,MARCELL
M,26,NIKOLAOS
K,26,KAYAH
K,26,EMILLY
K,26,RONJA
K,26,TEREZA
M,26,RENAT
K,25,ANABELL
K,25,CELINE
K,25,ELEANOR
M,25,SALVATORE
K,25,ELSA
M,25,WADIM
M,25,OLEKSANDER
M,25,ARTEMIUSZ
M,25,YAKUP
M,25,ANASTAZY
K,25,ISABELA
M,25,SEVERYN
M,25,DANILO
K,25,RADOCHNA
M,25,ARAS
M,25,ORION
K,25,VIVIANNA
M,25,DRAGOMIR
K,25,FREJA
M,25,ALEN
K,25,ALEXA
M,25,NICK
M,25,JURAND
M,24,MADDOX
K,24,MADINA
K,24,GIA HAN
K,24,PALOMA
K,24,GERTRUDA
K,24,ANAYA
M,24,WENANTY
K,24,GABI
K,24,ATENA
K,24,CINDY
K,24,LUANA
M,24,WITOSZ
M,24,ANGEL
K,24,ZŁATA
K,24,AVRORA
M,24,DEMYAN
M,24,ABRAHAM
M,24,OLLIE
K,24,OLESIA
M,24,JOHANNES
M,24,SZARBEL
K,24,INESSA
K,24,EVELYN
K,24,ERIN
M,24,MODEST
M,24,CONOR
K,23,INESS
M,23,DARIO
K,23,JOHANNA
K,23,NAILA
K,23,LATOYA
M,23,CAN
K,23,OLYMPIA
K,23,DINA
M,23,LIUBOMYR
M,23,GREGORY
M,23,FERDYNAND
K,23,JEWA
M,23,SERGIO
M,23,DAN
M,23,FRANKIE
K,23,EMILIYA
M,23,MARVIN
M,23,LIWIUSZ
M,23,ALWIN
K,23,MIROSLAWA
K,23,ALYSSA
M,23,NIL
M,23,KARL
K,23,NAYA
M,23,OCTAVIAN
M,23,MATT
M,22,DARIAN
K,22,MILLIE
M,22,SEMIR
M,22,SVEN
K,22,DELIA
M,22,BILAL
K,22,ASIA
M,22,JANUARY
M,22,DMITRIJ
M,22,IBRAGIM
K,22,ROKSOLANA
M,22,AYAAN
K,22,TELIMENA
M,22,DAGMAR
K,22,IRENE
M,22,ARSENIUSZ
K,22,NAWOJA
M,22,DAMIEN
K,22,YUSTYNA
K,22,ELZA
M,22,GIORGI
K,22,KLEOPATRA
K,21,ANNABELL
K,21,MISHEL
M,21,ABEL
K,21,ELISABETTA
K,21,PENELOPE
K,21,IWETTA
K,21,MAKKA
M,21,MYKHAIL
M,21,RONI
M,21,HORDII
M,21,ILAN
M,21,NADAV
K,21,DOMINICA
K,21,KATARINA
M,21,ELIGIUSZ
K,21,EKATERINA
M,21,EZRA
M,21,ANTONIUSZ
M,21,SELIM
M,21,JAMAL
M,21,TRAIAN
M,21,DEMIR
M,21,ANDREY
M,21,BENON
M,20,VSEVOLOD
M,20,JOSZKO
M,20,NIKOLOZ
M,20,OMRI
K,20,ARLENA
K,20,ZUZIA
M,20,JESSE
K,20,ZDZISŁAWA
K,20,DARYA
M,20,ALON
M,20,SAM
M,20,HASAN
M,20,TONI
K,20,ALBA
K,20,YELIZAVETA
K,20,LUCIE
K,20,DAIANA
M,20,UMAR
M,20,MATEI
M,20,PETRO
M,20,ANAS
K,20,NIA
M,20,NAREK
K,20,VLADISLAVA
K,20,YUVAL
K,20,DAYANA
M,20,ILLYA
M,20,MIKAIL
K,20,BAO ANH
M,20,PIERRE
M,20,LUIGI
K,19,VITALINA
K,19,SAVANNAH
K,19,ADI
M,19,TOMIR
K,19,JULIET
K,19,CHANTELLE
M,19,MICHAIŁ
M,19,ITAMAR
M,19,HASSAN
K,19,AMARA
K,19,ALIYAH
M,19,AKIM
M,19,KHALID
M,19,VENIAMIN
M,19,DAWYD
M,19,FELIPE
M,19,ARCHIE
M,19,EMRE
K,19,GIORGIA
M,19,GIA HUY
M,19,WITOSŁAW
M,19,VIGGO
M,19,LUCIAN
M,19,MILANO
K,19,ALONA
M,19,ELVIS
K,19,ODETTA
K,19,MARYIA
K,19,FABIOLA
M,18,TIMON
M,18,VLADIMIR
K,18,KEIRA
K,18,SAFIA
M,18,HENRI
K,18,SIMONE
M,18,APOLONIUSZ
M,18,CZAREK
K,18,OXANA
K,18,BEATRICE
M,18,RAYEN
M,18,WALERIAN
M,18,FINLEY
M,18,NAMIR
K,18,ILARIIA
M,18,MASSIMILIANO
K,18,MILANIA
M,18,LIAN
K,18,SUZANA
M,18,MAXIMILIANO
K,18,BIBIANNA
M,18,BRUCE
M,18,DASTAN
M,18,NOA
K,18,APOLLONIA
M,18,ZAKARIA
M,18,ILJA
M,18,SAMSON
M,18,DUC ANH
M,18,MEHMET
K,18,YULIYA
K,18,MIECZYSŁAWA
K,18,KALA
M,18,GIA BAO
M,18,GABOR
K,18,ALIAKSANDRA
M,18,KEMAL
M,17,ILYAS
M,17,CHRISTOPH
K,17,FEDERICA
M,17,NEO
K,17,MAGNOLIA
K,17,MELODIA
M,17,ILAY
K,17,NADYA
M,17,LUCIANO
M,17,HARRISON
K,17,PHOEBE
M,17,HLIB
M,17,SEMEN
K,17,DENISA
M,17,DAVIT
M,17,QUENTIN
K,17,ROMANA
K,17,SORAJA
K,17,INÉS
M,17,GORDIAN
K,17,VALENTYNA
M,17,FLAVIO
K,17,MARGOT
K,17,MIRABELLA
M,17,DEMID
M,17,FRANCO
K,17,AMALIIA
K,17,FLORIANA
K,17,LOTTA
M,17,IDAN
M,17,GERMAN
K,17,LAJLA
M,17,FABIEN
M,17,ORFEUSZ
K,17,AGNES
M,16,ALEKSANDRE
K,16,MARKHA
K,16,AMAIA
K,16,ŻAKLIN
M,16,RAMI
M,16,GEORGIOS
M,16,NICOLAI
K,16,SAFIJA
M,16,SANDRO
K,16,STEFANIE
K,16,ALITA
K,16,NAIRA
K,16,AYESHA
K,16,ROMI
M,16,DOMENICO
M,16,ALVARO
K,16,MILIANA
K,16,TANZILA
M,16,MUSA
K,16,FELICYTA
K,16,SERENA
M,16,CALVIN
K,16,ANNE
K,16,HELENE
K,16,SUSANA
M,16,EDUARD
K,16,DANIELLE
M,16,CLAUDIO
K,16,LILIIA
K,16,ARKADIA
K,16,MARZANNA
K,16,MALIA
K,16,CHELSEA
K,16,IWETA
K,16,ANAIS
K,16,AUDREY
M,15,IZAJASZ
M,15,ZAIN
M,15,ENES
M,15,NEIL
K,15,ANTONELLA
M,15,EREN
K,15,MARIAMI
K,15,KATRIN
M,15,NIKON
K,15,ALA
K,15,LILIT
K,15,SONYA
K,15,ELODIE
M,15,MARCELO
K,15,MIŁOCHNA
K,15,KARMELA
M,15,ERICK
K,15,ATHENA
M,15,ELLIOTT
K,15,VALERIE
M,15,MYKHAYLO
M,15,ONUFRY
K,15,NADIN
M,15,ATANAZY
M,15,CELESTYN
M,15,OLEKSIY
M,15,ELIZEUSZ
M,15,HARVEY
K,15,DALILA
M,15,SOLOMON
M,15,SAVELII
K,15,AN NHIEN
K,15,AUGUSTYNA
M,15,ARTEMII
K,15,CONSTANCE
K,15,GEORGIA
K,15,ELEN
M,15,KIAN
K,14,OKTAVIA
K,14,JAGA
K,14,KHEDA
K,14,YULIA
M,14,JOZUE
K,14,FABIENNE
M,14,REMI
K,14,BOZHENA
M,14,XAVER
K,14,ULJANA
M,14,NICKOLAS
K,14,MIŁANA
M,14,RAFFAELE
M,14,SAID
M,14,ALWARO
M,14,DARII
M,14,TADEJ
K,14,ALYA
M,14,YANIS
K,14,LEXI
M,14,MIKITA
K,14,EMILIANA
M,14,LEVI
M,14,ZAYN
K,14,YUNA
K,14,BOŻENNA
M,14,JOSÉ
K,14,SELMA
M,14,FÉLIX
M,14,ANDRE
K,14,ALEYNA
K,14,VIKTÓRIA
M,14,EUSTACHY
M,14,ZORIAN
M,14,NICOLÁS
M,14,IOANNIS
K,14,GEMMA
M,14,ZAKHARII
K,14,SIENA
K,14,ELVIRA
M,14,ZYGFRYD
M,14,MATEUS
M,14,NATHANAEL
K,14,CARMELA
M,14,MIROSLAW
K,14,AICHA
K,13,MILAGROS
K,13,LUBA
M,13,TYKHON
M,13,OCTAVIO
K,13,ZOLA
K,13,RAYA
M,13,FREDERIK
M,13,GUSTAVO
K,13,ZEYNEP
K,13,GIZELA
M,13,CEZAR
K,13,MELANI
M,13,KAY
K,13,SHANAYA
M,13,YASSINE
K,13,ASYA
M,13,MATE
K,13,MARIEM
M,13,BRADLEY
K,13,WIWIANNA
K,13,SERAFINA
K,13,MYA
M,13,MIGEL
K,13,FRYDERYKA
M,13,LEWIS
K,13,TIA
K,13,ZOIA
K,13,ANISA
M,13,NARCYZ
K,13,BRUNA
M,13,MURAT
M,13,GWIDON
M,13,GIANLUCA
M,13,OSMAN
K,13,BENITA
M,13,EMILIANO
K,13,ROMY
M,13,RAYYAN
M,13,MARKIYAN
K,13,AMELI
M,13,AUGUSTIN
K,13,AYSHAT
M,13,FILIPE
M,13,CONAN
M,13,AVYAAN
K,13,TEIA
K,13,BIBIANA
K,13,SCARLET
M,13,PIO
K,13,VIOLA
K,13,LILITH
M,13,PAULO
K,13,ESTELLA
K,13,PALINA
M,13,EMIN
M,13,JOSE
K,13,YESENIIA
M,13,DMITRII
M,13,SALOMON
M,13,PRZEMEK
M,12,NICOLAE
M,12,MINH QUAN
K,12,FRANKA
M,12,ANDRÉ
M,12,LEONEL
K,12,MARI
M,12,ALVIN
K,12,ARNIKA
K,12,MARISSA
M,12,CHARBEL
M,12,ASEN
K,12,LEYA
K,12,LAURENCJA
K,12,LILE
M,12,AYAZ
K,12,SALOME
K,12,TALIA
K,12,NANA
K,12,ZAHRA
M,12,LENNOX
M,12,GOR
M,12,KAAN
M,12,TAL
M,12,AREK
K,12,GIOVANNA
M,12,NIKOLAUS
K,12,ALISSA
M,12,ANDRIA
M,12,BAO NAM
M,12,ARTIOM
K,12,ARIELLA
K,12,WICTORIA
K,12,NARINE
M,12,GAEL
K,12,NIKANDRA
K,12,RIMA
K,12,BASIA
K,12,ORINA
M,12,NAZARIJ
M,12,NATANEL
K,12,ARYNA
M,12,MALEK
M,12,AUSTIN
M,12,NELSON
K,12,SEMILIANA
K,12,IWANKA
K,12,INAYA
K,12,IVANA
K,12,ENOLA
K,12,ALISON
M,12,RINAT
M,11,DEMETRE
K,11,RUBI
M,11,BONIFACY
K,11,INÈS
K,11,MEDINA
K,11,NEFELI
M,11,GIORGIO
M,11,KENZO
M,11,FRANZ
M,11,HLEB
M,11,NINO
K,11,AILA
K,11,NALA
K,11,OTOLIA
M,11,MAKSIMILIAN
M,11,ANATOLII
M,11,TEOMAN
M,11,ARJEN
M,11,SERAFIM
M,11,MARKOS
M,11,KEREM
M,11,VITALI
M,11,OLLY
M,11,DOBROMIŁ
M,11,ASTON
K,11,ESTELLE
M,11,VIACHESLAV
K,11,ANABELLE
M,11,RONALD
M,11,ANDRIAN
M,11,MAKARII
K,11,MICHELLA
M,11,RAMZAN
M,11,MORGAN
K,11,KIMBERLEY
K,11,ITA
M,11,EDUARDO
K,11,KATALEYA
M,11,DUC
M,11,NADIR
M,11,SŁAWOSZ
M,11,TOMÁS
M,11,KRISTOF
M,11,EITAN
M,11,DAREK
M,11,GIULIO
K,11,JOANA
K,11,VLADA
M,11,AMMAR
M,11,JIMMY
M,11,YAKIV
K,11,JUTRZENKA
K,11,ASHANTI
M,11,ARSENIJ
M,11,ELIOTT
M,10,RADOSZ
K,10,KAROLA
M,10,KRYSPIAN
M,10,MAHDI
K,10,MASHA
M,10,SYLVESTER
M,10,VITTORIO
K,10,ERICA
K,10,ALFREDA
K,10,JAMILA
K,10,ROMINA
K,10,EMMY
K,10,MERIEM
K,10,JOVITA
K,10,MEGHAN
K,10,CATTLEYA
K,10,SUMAYA
K,10,DOROTHY
M,10,NILS
K,10,MALAK
M,10,GORDON
K,10,LEONTYNA
K,10,TAL
M,10,EMANUELE
K,10,ASIYA
M,10,MATTI
K,10,ELMIRA
K,10,IVA
K,10,ANNABEL
M,10,LUAN
K,10,KARMINA
K,10,KAILA
K,10,LIIA
K,10,MARÍA
K,10,KENZA
K,10,SHIR
K,10,LETTY
K,10,LILOU
K,10,EVIE
K,10,ANH THU
M,10,TAMERLAN
K,10,IGNACJA
M,10,MYCHAJŁO
K,10,NADIYA
K,10,AURA
M,10,TYMEK
M,10,OLES
K,10,ZELIA
M,10,ŚWIATOSŁAW
M,10,IGO
M,10,DANILA
M,10,MINH KHANG
M,10,KADIR
M,10,DANYL
M,10,MARAT
M,10,HEORHII
M,10,LILIAN
M,10,FRANKO
K,10,LEJA
K,10,YEVANHELINA
M,10,WITO
M,10,DANG KHOA
M,10,DUY ANH
M,10,TOBIÁŠ
M,10,TUAN ANH
M,10,ARIS
M,10,KYLIAN
M,10,SEVERIN
M,10,UMUT
K,10,CHARLOTTA
M,10,SAVA
M,10,ARI
M,10,HARIS
K,10,HANIFA
K,10,FELIKSA
M,10,METODY
M,10,CORNEL
M,10,NICOLÒ
M,9,CHRISTOS
M,9,MORITZ
K,9,ROBERTA
K,9,TAISIIA
K,9,SAMUELA
M,9,PARYS
M,9,IVAAN
M,9,ARTEMIY
K,9,KAMA
K,9,LIHI
K,9,MADISON
M,9,RODION
M,9,MATAS
K,9,ANDRIANA
K,9,DAMIRA
M,9,AREN
M,9,YOTAM
M,9,DOMINIQUE
M,9,NIKOLA
M,9,HOANG
K,9,LIKA
K,9,CHRISTINE
M,9,FEDIR
M,9,ARSENIY
K,9,DAMARIS
M,9,DILAN
K,9,LILJA
K,9,LUCÍA
M,9,WALENTINO
K,9,KHADIJA
M,9,EWAN
K,9,ELISSA
M,9,SALWADOR
M,9,AMINE
K,9,LIWIANA
M,9,TYLER
K,9,NARINA
K,9,NEOMI
K,9,KASSANDRA
M,9,DAMYR
M,9,ALIM
K,9,VALERIYA
M,9,TIMOFIEJ
M,9,EVGENII
M,9,AURELIAN
M,9,LIO
M,9,ENEJ
K,9,KLARYSA
M,9,ATHARV
M,9,VALERII
M,9,ADAR
M,9,MYLES
K,9,JOY
M,9,DANIIŁ
K,9,RANIA
M,9,MATEJ
K,9,ODA
M,9,LENART
M,9,MARIUS
M,9,FRANÇOIS
M,9,JEREMIAH
K,9,NOAM
K,9,YULIANA
M,9,IWAR
M,9,IKER
M,9,SANDER
K,9,FATMA
M,9,KAREEM
M,9,ARTURO
M,9,SYED
M,9,WITALIJ
M,9,FARES
K,9,NICOLLA
M,9,SALIM
M,9,TOBY
M,9,LAURENTY
M,9,RADOSLAV
M,9,ALEKSANDROS
K,8,NOLA
K,8,SUMAJA
M,8,SINAN
K,8,ZULA
M,8,LEU
M,8,BARTLOMIEJ
K,8,GENEVA
K,8,THUC ANH
M,8,OTTON
M,8,ALEKSIEJ
M,8,MICHEASZ
K,8,KYLIE
K,8,HAILEY
K,8,GALA
M,8,KIAAN
M,8,WILKOMIR
M,8,APOLLO
M,8,DMITRIY
K,8,ALICA
M,8,ALİ
K,8,AMADEA
K,8,KHANIFA
K,8,VASYLYNA
M,8,DŻULIANO
K,8,SUZAN
K,8,JELENA
K,8,EVANGELINA
K,8,MISZEL
M,8,KAYETAN
K,8,MARCJA
M,8,WOLFGANG
K,8,NASTURCJA
K,8,JANE
M,8,EVGENI
K,8,VALERYIA
M,8,URIEL
M,8,DANG KHOI
K,8,MARIELLA
K,8,JANNA
M,8,BLAKE
K,8,ZELDA
K,8,TAMILA
M,8,RAMAN
K,8,AMAL
K,8,ALESIA
K,8,KASIA
K,8,WIOLA
M,8,BOLEBOR
K,8,HILDEGARDA
M,8,KRIS
M,8,EFE
K,8,ALISSIA
K,8,MARZENNA
K,8,ARIEL
K,8,KORDELIA
K,8,NEILA
M,8,RATMIR
M,8,KSAVERY
M,8,ASHER
K,8,AZALIA
K,8,KATHRYN
M,8,DARIUS
M,8,ESTEBAN
K,8,LETISJA
M,8,MIRASLAU
K,8,LUSI
M,8,WERNER
K,8,RYSZARDA
K,8,AIMEE
M,8,ARSALAN
K,8,LEONOR
K,8,AZRA
M,8,JACENTY
M,8,ILAI
K,8,ALEXIS
M,8,MARCOS
K,8,CHIOMA
M,8,DAVI
K,8,EMILIJA
M,8,TOMA
M,8,AAYAN
M,8,GEORGII
M,8,EZECHIEL
M,8,BJÖRN
M,8,PHOENIX
M,8,ATLAS
M,8,DÁNIEL
K,8,AMILIA
M,8,ŠIMON
M,8,SANTOS
M,8,SEMILIANO
M,8,MATIN
M,8,TIMOFEJ
M,8,JOVAN
K,8,KORINA
K,8,MINH
M,8,NICOLO'
K,8,HILA
M,8,MIVAAN
M,8,DIMITRI
K,8,ANNA-MARIA
K,8,LAVINIA
M,8,OZAN
M,8,VALENTYN
M,8,MINH KHOI
M,8,MUKHAMMAD
M,8,ALEKSANDAR
M,8,AVIV
M,8,MATVEJ
M,8,VIVAAN
M,8,OKTAVIAN
K,8,PATRYCIA
M,8,FILEMON
M,8,RIKARDO
M,8,DAMAZY
M,8,DUSZAN
M,8,XSAVIER
K,7,NGOC
K,7,NICOLLE
K,7,ESMA
K,7,JARYNA
M,7,KASPAR
K,7,PARIS
K,7,ELIA
K,7,YASMEEN
M,7,MATHEW
K,7,TEOFILA
M,7,MUHAMMED
M,7,ZAYAN
M,7,EINAR
M,7,LAURENT
M,7,IGNAT
M,7,GAL
K,7,SUMMER
K,7,IZABEL
K,7,ALEKSA
K,7,SEWERYNA
K,7,GALI
K,7,LETICJA
K,7,LEONI
K,7,ANDŻELA
M,7,ANDRES
M,7,JOHNNY
K,7,KAJRA
K,7,ABBY
M,7,JOHANN
K,7,MALAIKA
M,7,ALEXANDR
M,7,FARIS
M,7,KABIR
K,7,RIHANNA
K,7,ARABELLA
M,7,TIMOFII
K,7,AMELIYA
K,7,TAISIA
M,7,TSIMAFEI
K,7,AYŞE
K,7,ELOISE
K,7,ANTOINETTE
M,7,LUKYAN
K,7,NOÉMIE
M,7,IMRAN
M,7,EDOARDO
K,7,ELLENA
K,7,NAAMA
K,7,INESA
M,7,BONAWENTURA
K,7,MELANIJA
M,7,AMADEUS
M,7,YEHONATAN
K,7,SKYE
M,7,SINGH
M,7,CHRIS
M,7,ŁUCJAN
K,7,KATALINA
K,7,JAROSŁAWA
K,7,EWANGELINA
M,7,KENAN
M,7,OSWALD
K,7,CAROLIN
K,7,EMELIE
M,7,RUPERT
M,7,MIKHAILO
M,7,ÖMER
M,7,JOÃO
M,7,MEDARD
M,7,MILES
M,7,CARTER
K,7,NATALI
K,7,LINH
M,7,LIVIO
K,7,BAO AN
K,7,CARLOTTA
K,7,AMARACHI
M,7,LÉONARD
M,7,MUSLIM
M,7,CONSTANTINE
M,7,SAIMON
K,7,DENISE
M,7,MARLEY
M,7,ISA
K,7,ILIA
K,7,LUCIANA
M,7,LONGIN
M,7,LINUS
M,7,SÉBASTIEN
M,7,JUNIOR
M,7,NIKOLAY
M,7,BART
K,6,ANELIA
K,6,SANTANA
M,6,QUANG VINH
K,6,AILIN
M,6,SERGII
M,6,GASPARD
K,6,ROZANNA
M,6,MATTHIEU
K,6,LETYSJA
M,6,ORHAN
K,6,ELLE
M,6,RUSTAM
K,6,KIM NGAN
K,6,ALICYA
M,6,HAVIER
K,6,WILHELMINA
K,6,NADIJA
K,6,BAO NHI
M,6,LENNY
M,6,ALLEN
M,6,JOSIAH
K,6,NARIN
M,6,TAYLOR
K,6,ZORIA
K,6,YOANNA
K,6,POPPY
K,6,BOZENA
K,6,MINA
K,6,LIDIANA
K,6,ALMIRA
K,6,SYNTHIA
K,6,TULA
K,6,CLEO
K,6,VICKY
M,6,SAMEER
K,6,GUO
M,6,FRANKLIN
K,6,DASZA
M,6,KIRIŁ
M,6,CHRISTOFER
K,6,TETYANA
K,6,FARIZA
M,6,FILON
M,6,MINH TRÍ
M,6,FRANCK
M,6,ANAND
M,6,LORENCO
M,6,KYRYŁO
M,6,MANFRED
M,6,SEVER
M,6,USMAN
M,6,RAVI
K,6,MINH TRANG
K,6,SAMIJA
M,6,ANGUS
M,6,ARDIAN
M,6,ARJUN
M,6,MARCELINO
K,6,SELIMA
M,6,ZHIYUAN
M,6,DOBROSŁAW
M,6,ZBYSŁAW
M,6,ALEXANDRU
M,6,CARSTEN
M,6,BARNIM
M,6,JIM
M,6,ANTONII
M,6,NORWID
M,6,AKHMED
M,6,ARISH
M,6,YI
M,6,DAMIANO
K,6,AMIT
M,6,HOANG MINH
K,6,CATERINA
M,6,DEMJAN
M,6,ALAIN
K,6,RENESMEE
K,6,ZORA
K,6,TESS
M,6,FILIPPOS
M,6,ROHAN
M,6,YARASLAU
K,6,OPHELIA
M,6,YAQUB
K,6,AYSEL
K,6,HANKA
M,6,MATTIAS
K,6,LENNA
M,6,SABA
K,6,DEFNE
K,6,REBECA
K,6,LENE
M,6,DANYAL
K,6,ESME
M,6,THEODOROS
M,6,LEOKADIUSZ
M,6,URI
K,6,DERYA
M,6,ARCHIBALD
M,6,KIRYL
M,6,SEMYON
M,6,ANIS
M,6,KOSTIAN
K,6,KATSIARYNA
K,6,MELEK
K,6,TEA
K,6,BAO
M,6,RONALDO
M,6,CODY
K,6,MARIANNE
M,6,KRISHIV
K,6,LONGINA
M,6,CALEB
K,6,JUSTINE
M,6,ARASH
M,6,NAM
M,6,ANDY
M,6,SHIVANSH
K,6,TAISIYA
K,6,LYRA
K,6,NAYLA
K,6,SVITLANA
K,6,EILEEN
M,6,NOÉ
K,6,LINH CHI
K,6,LAETITIA
K,6,MINE
K,6,PAVLINA
K,6,QUYNH CHI
K,6,TALA
M,6,RUVIM
K,6,MILLY
M,6,YURIY
K,6,ELIN
M,6,SCOTT
M,6,DANIYAL
M,6,PRESTON
M,6,VLAD
M,6,YURI
M,6,DAMINIK
M,6,SPENCER
K,6,YINUO
K,6,DAHLIA
K,6,ESMI
M,6,WASYL
K,6,ERNA
K,6,AMELKA
M,6,SZCZĘSNY
K,6,DŻOANA
M,6,DONAT
K,6,CHENXI
K,6,AGLAYA
K,6,ESHAAL
M,6,EWARYST
M,6,AARAV
M,6,RAHIM
K,6,GIA LINH
M,6,JAROGNIEW
M,6,OLEKSIJ
M,6,ELIO
M,6,KARAM
M,6,MINH ANH
K,6,TAIA
K,6,ANI
K,6,VESNA
K,6,HARLEEN
K,6,RIMMA
M,6,ALIAKSANDR
M,6,TIMOTHÉE
K,6,YAMINA
K,6,JOYCE
M,6,ADNAN
K,5,ANA-MARIA
K,5,NATASCHA
M,5,SOFIAN
M,5,SABRI
K,5,LESIA
M,5,KASJUSZ
K,5,LIZAVETA
M,5,ADITYA
K,5,CIARA
K,5,RAJANA
K,5,NANCY
K,5,KATHLEEN
M,5,JOSH
M,5,VITALIY
K,5,ESENIIA
K,5,KSENIYA
K,5,YESENIA
M,5,MAKARIY
K,5,EMILJA
K,5,FELICITY
K,5,KVITOSLAVA
K,5,LYLA
M,5,SAMVEL
K,5,LILJANA
M,5,MICAH
M,5,ELISEI
K,5,SHANTI
K,5,LIANNA
K,5,MICHAL
K,5,GILI
K,5,MARION
K,5,MARCELLA
M,5,DMITRO
M,5,DANNY
K,5,MONA
M,5,HADI
K,5,WITALINA
M,5,EGON
K,5,ELI
K,5,MIRRA
M,5,ADRIÁN
K,5,ANDRZELIKA
K,5,SAWANA
K,5,LENI
M,5,MIŁOWIT
K,5,URSULA
K,5,EMINE
K,5,ANNETTE
K,5,VIERA
K,5,MARTIKA
K,5,FLORENCIA
K,5,ZENDAYA
M,5,MARKIAN
K,5,KATALEIA
M,5,MARSHALL
K,5,MIRAY
M,5,OKTAWIO
M,5,SHACHAR
M,5,TAREK
M,5,MIRO
M,5,SHANE
K,5,HORTENSJA
M,5,SWIATOSŁAW
M,5,QUANG
K,5,JESENIA
K,5,MYLANA
K,5,WASILISA
K,5,MILANIIA
K,5,NOELLE
M,5,GRIGORIJ
K,5,SHAHAR
K,5,KHADIZHAT
M,5,LAZARE
K,5,DOBROMIRA
K,5,ANDŻELINA
M,5,ALEKSEJ
M,5,HENDRIK
K,5,IVETTE
K,5,AGATHE
K,5,ANGEL
M,5,WALERY
M,5,SOFIANE
M,5,AYDEN
K,5,OFRI
K,5,NGOC ANH
M,5,OLAV
K,5,LARYSSA
M,5,YAQOOB
K,5,SANA
K,5,DOMICELA
M,5,DEVID
M,5,BRENDON
M,5,YAROSLAW
M,5,ULADZISLAU
M,5,YELYSEI
K,5,GIA
K,5,NICA
K,5,VERÓNICA
K,5,ZENONA
K,5,VASYLISA
M,5,JEFFREY
K,5,POLLYANNA
M,5,JAY
M,5,YAHYA
M,5,RICO
M,5,WOJMIR
M,5,GREGOR
M,5,MOJŻESZ
K,5,SAIDA
M,5,MATYÁŠ
K,5,HÉLÈNE
M,5,LENNART
M,5,JADEN
M,5,REUBEN
M,5,FATIH
M,5,HECTOR
M,5,MATHÉO
M,5,LEANDER
M,5,JULIANO
M,5,THOR
M,5,DEREK
M,4,GIA HUNG
M,4,RACIBOR
K,4,DARJA
K,4,YASEMIN
K,4,AIZA
K,4,JEVA
K,4,ZENOBIA
M,4,JUDA
K,4,KATHRIN
M,4,OKTAVIO
M,4,KHALED
M,4,ION
M,4,KAMAL
M,4,STEFANO
M,4,ANZELM
K,4,NETA
M,4,VIAAN
K,4,ADELINE
M,4,ALEXY
K,4,ERNESTYNA
K,4,ORYSLAVA
M,4,LEIF
K,4,SVIATOSLAVA
K,4,NEONILA
M,4,GAJUSZ
M,4,EMMANOUIL
M,4,GNIEWOSŁAW
K,4,NITA
M,4,ANDRÉS
K,4,LOLITA
K,4,WILLOW
M,4,KYRYLL
K,4,CLARISSA
M,4,JIBRIL
K,4,JÚLIA
M,4,DANCIU
M,4,LEONE
K,4,LUDOVICA
M,4,HAROLD
K,4,RITAL
K,4,VIKTORIE
M,4,LECHOSŁAW
K,4,ELISABET
K,4,EVELIN
K,4,TIANA
K,4,MOLLIE
K,4,OLWIA
M,4,EWALD
K,4,LEEN
K,4,LEANA
M,4,ISTVÁN
M,4,WITALIS
M,4,DANYYIL
K,4,AURIKA
K,4,MARCYJANNA
K,4,PRINCESSA
K,4,NADIEŻDA
K,4,MIKAYLA
K,4,AMANI
K,4,SELA
K,4,ELYZAVETA
M,4,AVI
K,4,HENRIETTA
M,4,LEE
K,4,ALARA
K,4,DAFNE
K,4,ZAINAB
M,4,MUHAMMAD ALI
M,4,ALPER
M,4,AURELIANO
K,4,MARCELINE
M,4,DEMYD
M,4,ZBYSZEK
K,4,KHADIJAH
K,4,RABIJA
M,4,ANATOLIJ
M,4,MALO
K,4,MALGORZATA
K,4,EDA
K,4,SHARON
K,4,ARWENA
M,4,TAMÁS
K,4,NICOLETTE
M,4,DEV
K,4,ASSIA
K,4,ABBIE
K,4,GINEVRA
M,4,ÁDÁM
K,4,ROSALINE
M,4,HERKULES
K,4,ELİF
M,4,EYAL
K,4,AMELA
M,4,HADRIAN
M,4,LORENZ
K,4,ORI
M,4,SERGEY
K,4,GIOIA
K,4,CATALINA
K,4,MIRABELLE
K,4,GOJA
M,4,REYANSH
M,4,HUSSEIN
K,4,TEJA
K,4,KARIMA
K,4,FILIPINA
K,4,SANDY
M,4,LAMBERT
K,4,RUTH
K,4,KUNEGUNDA
K,4,MORENA
K,4,KEYLA
M,4,DAGOMIR
M,4,YANAI
M,4,YARDEN
M,4,KRISTOFFER
K,4,MAE
M,4,NASSIM
M,4,ZAK
K,4,MAŁGORZTA
K,4,ABRIL
M,4,DARREN
K,4,BẢO ANH
K,4,ALIONA
M,4,FRANZISKUS
K,4,AJLA
M,4,ALIAKSEI
K,4,FLORENTINA
K,4,QUỲNH MAI
M,4,NIZAR
K,4,MARJAM
K,4,LIBBY
K,4,ASMIN
M,4,ILYES
M,4,MAIKEL
K,4,RAFKA
M,4,YICHENG
K,4,HANNE
K,4,SUZIE
M,4,ACHIM
M,4,SYLWERIUSZ
K,4,GABRYJELA
K,4,KAJLA
M,4,VASIL
M,4,JĀNIS
M,4,THIEN AN
M,4,MISHA
M,4,METEHAN
M,4,TOLEK
M,4,AYDIN
M,4,MILIAN
M,4,MARLON
M,4,SOBIESŁAW
K,4,ALIANA
K,4,ANEŽKA
M,4,ASIM
K,4,MARGO
K,4,ISADORA
K,4,LILIYA
K,4,THUY ANH
M,4,MORFEUSZ
K,4,ULLA
K,4,CHRYSTYNA
M,4,DORJAN
M,4,ILLARION
K,4,ZURI
K,4,SAADA
M,4,VUK
M,4,ZACHEUSZ
M,4,GEORGI
K,4,TUE NHI
M,4,ARAMIS
K,4,LISSA
K,4,STANISLAVA
K,4,DALIDA
K,4,CAMILLE
M,4,TIKHON
M,4,EHOR
K,4,UNA
K,4,LATINA
M,4,MIKALAI
M,4,LUBOSZ
M,4,SAMY
M,4,FURKAN
M,4,ELIA
K,4,SALIMA
M,4,YU CHEN
M,4,TYSON
M,4,ANAKIN
K,4,MARUSIA
K,4,DANAE
M,4,BERNARDO
M,4,ADHAM
M,4,CASSIAN
M,4,LAUREN
M,4,LAZAR
M,4,ATILLA
K,4,NARE
K,4,MALWA
K,4,DEA
M,4,ALIF
K,4,MARA
M,4,EZEL
M,4,DENIEL
M,4,ATTILA
K,4,MYLA
M,4,YAUHENI
K,4,DZIYANA
M,4,MAURICE
M,4,YUVRAJ
M,4,FRANTIŠEK
K,4,CARINA
K,4,IWANNA
K,4,FRANZISKA
K,4,AMELIJA
M,4,MARTSIN
K,4,HARRIET
K,4,MARIA-MAGDALENA
M,4,MAURO
M,4,MARKIJAN
K,4,TINATIN
M,4,SANI
K,4,THANH TRÚC
K,4,VIKTORYIA
K,4,SKYLA
K,4,GLAFIRA
K,4,HANYU
K,4,TANYA
M,4,KIMI
K,4,ALIJA
M,4,NHAT ANH
K,4,ADÉLA
K,4,SOL
M,4,GABRIELI
M,4,ZAID
K,4,ANISJA
K,4,MIGLENA
K,4,SENA
M,4,HARUN
M,4,BASTIEN
K,4,AYLİN
M,4,YAKOUB
K,4,REINA
K,4,ASTERIA
K,4,AITANA
M,4,JASIN
K,4,GIANNA
K,4,LETISHA
K,4,CLOE
M,4,TOMÁŠ
K,4,EDEN
K,4,RAHELA
M,4,ERVIN
M,4,AMAR
K,4,GEORGINA
M,4,MAURICIO
K,4,LILLIANNA
K,4,ZLATOSLAWA
K,4,SAANVI
K,4,ARIELLE
M,4,RAMIR
K,4,KATY
K,4,EUFEMIA
M,4,VICENTE
K,4,AOIFE
K,4,HAFSA
K,4,FARIDA
K,4,LEANDRA
K,4,NATALY
M,4,DMITRY
M,4,MATHEO
K,4,NAJA
K,4,SAMARA
K,4,TOMIRA
M,4,MATHIS
K,4,KARA
K,4,BONA
K,4,EVERLY
M,4,CASPAR
K,4,JIAQI
K,4,ELENE
K,4,MİRA
K,4,LEANNA
M,4,KARAN
M,4,IASON
M,4,MAËL
K,4,EMMI
M,4,GORDEY
K,4,ASTEJA
K,4,ALYSSIA
K,4,GALENA
K,4,NEFES
K,4,ARSENIA
M,4,LOTAR
M,4,HAYK
M,4,ARNO
K,4,TAJA
K,4,PETRONELA
K,4,TILDA
K,4,ANETTA
M,4,HUNTER
K,4,ANUNGOO
K,4,JANNAT
M,4,CAMERON
M,4,MAISON
K,4,CARLOTA
M,4,KILLIAN
M,4,ELMIR
K,4,MALKA
M,4,HARALD
M,4,IOANE
M,4,NEHEMIASZ
M,4,NADAR
M,4,COSMO
M,4,ZAKARIYA
K,4,HAYA
M,4,LUDOVICO
M,4,RON
M,4,DACHI
K,4,KILIANA
M,4,MOHAMAD
K,4,LIUBOV
M,4,TIMOTHEUS
K,4,MIRANA
M,4,MIKHAL
M,4,KAJAN
K,4,MADLENA
M,4,GURBAAZ
M,4,AGUSTIN
K,4,JOLENE
M,4,AMADEO
M,4,SAMAR
K,4,CLEMENTINE
M,4,ISHAAN
K,4,HALIMA
K,4,HARPER
K,4,BERNADETTE
K,4,ILANA
M,4,HUSEYN
M,4,HALID
M,4,ARDA
K,4,SIRINE
M,4,SELİM
K,4,MELIKE
K,4,ROMUALDA
K,4,DORA
M,4,MIKO
M,4,AZIZ
M,4,SETH
K,4,SILJE
M,4,JOEY
M,4,TEODORO
K,4,VIVIANE
M,4,YULIAN
K,4,ELIZAWETA
K,3,MIHAELA
K,3,ADELIIA
K,3,ELSIE
K,3,RUSLANA
K,3,ESMEE
K,3,ROZALINA
K,3,MIRASLAVA
K,3,PRISHA
K,3,OR
K,3,NENE
K,3,NEYLA
K,3,LAMAR
K,3,ATHINA
K,3,ANOUK
M,3,MIKKO
M,3,BENEDIKT
K,3,TAIDA
K,3,YARA
K,3,LEONORA
K,3,CASEY
K,3,EVIALINA
K,3,KARYNA
M,3,VYACHESLAV
K,3,SVETLANA
K,3,SUSANNAH
K,3,EMELY
K,3,JÁZMIN
K,3,NATHALIA
K,3,SAVANA
K,3,WESNA
K,3,XYMENA
M,3,KLIM
K,3,THUY TIEN
K,3,LUISE
M,3,MLADEN
K,3,MAIRA
M,3,BAR
K,3,KLÁRA
M,3,HAWIER
K,3,OMER
K,3,WACŁAWA
K,3,PRISCILLA
M,3,ULADZIMIR
K,3,GIULIETTA
K,3,DIANE
M,3,DIMITRIOS
K,3,EMMANUELA
K,3,LILIANNE
K,3,FARAH
M,3,JAYSON
M,3,AMON
K,3,MEGI
K,3,LIBI
K,3,FAUSTINA
K,3,ZOHAR
K,3,RAHAF
K,3,ROSANNA
M,3,MATAN
K,3,LUCJANA
M,3,SACHA
M,3,KRYSTYN
M,3,TITUS
M,3,YASH
K,3,OFIR
M,3,JAŚ
M,3,HAOXUAN
M,3,GIOELE
M,3,SAMMY
M,3,KOBE
M,3,FRÉDÉRIC
M,3,DAVE
M,3,YAHOR
M,3,LUDOMIR
M,3,PANKRACY
M,3,TAHIR
M,3,RAMZES
K,3,LORETTA
M,3,IZAN
M,3,SKANDER
K,3,DAMROKA
M,3,ETTORE
M,3,PATRIC
M,3,MYCHAILO
M,3,HRYHORII
K,3,STEFANIYA
K,3,MILANIYA
K,3,SOŁOMIJA
K,3,LYUBOV
M,3,OLIN
K,3,RADA
M,3,ZAC
K,3,DANAI
K,3,DILAN
M,3,LIUBOMIR
M,3,JENSON
M,3,JOHAN
K,3,ANTOSIA
K,3,TAYA
K,3,HANAA
K,3,HAYLEY
K,3,ASTEYA
M,3,ROŚCISŁAW
M,3,BERAT
M,3,SAMUIL
M,3,MOISE
M,3,DIMA
M,3,ZINEDINE
M,3,ALISTAIR
M,3,VINCENTY
M,3,TEMUR
M,3,BAZYL
M,3,DANIELI
M,3,RIVAN
M,3,FRIEDRICH
M,3,TAMIR
M,3,DŻASTIN
M,3,SAVELIY
M,3,VITOLD
M,3,GAVIN
M,3,RADMIR
M,3,YANEK
M,3,ARNE
K,3,LILYANA
K,3,LILU
M,3,CZCIBOR
M,3,KURT
K,3,JEAN
K,3,MAXIMA
M,3,EMILIUSZ
M,3,ARKADIY
K,3,DAPHNÉ
K,3,DZIEWANNA
K,3,ALIKA
K,3,ÉMILIE
M,3,TIMOFIJ
M,3,NHAT MINH
K,3,MARCELLINA
M,3,HUNG
M,3,ZION
K,3,LUDOMIRA
M,3,SKYLER
K,3,BOLESŁAWA
M,3,LENNARD
K,3,POLLY
K,3,JOSEFINA
K,3,ANN
M,3,PETR
M,3,MATWIY
M,3,CASTIEL
M,3,RAMIRO
M,3,ARES
M,3,ABDALLAH
M,2,DEVRAN
M,2,HAROON
M,2,YIHAO
K,2,EYLÜL
M,2,WOJAN
M,2,TREVOR
M,2,SALI
M,2,ZANDER
M,2,GRAZIAN
M,2,ALEXEY
M,2,GABRYJEL
M,2,TIMOTHÉ
M,2,CIAN
K,2,ENEA
K,2,CHEYENNE
M,2,KELVIN
K,2,ZORZA
M,2,VÍCTOR
M,2,ROKO
M,2,YONATHAN
M,2,HERKUS
M,2,MIKA
M,2,SIERGIEJ
M,2,SIAMION
M,2,YAKOB
M,2,MIRACLE
K,2,ELÉNA
K,2,ELLY
M,2,TIEN DAT
M,2,YOANN
M,2,KARAS
M,2,YANNIS
K,2,ARBEL
K,2,SWIETŁANA
M,2,ORESTES
M,2,ORFEAS
K,2,CHANELLE
M,2,MAVERICK
M,2,KIRIŁŁ
M,2,SAIFULLAH
M,2,DONALD
M,2,DIMITRIS
K,2,GISELE
M,2,FRANCESC
M,2,MAEL
M,2,IHNAT
K,2,BERITAN
K,2,ARISA
K,2,LETÍCIA
K,2,GORDIANA
K,2,ALEKSJA
M,2,JANKO
K,2,KLEA
K,2,SAYA
M,2,MARWEN
K,2,BẢO TRÂM
M,2,KAZIK
M,2,MATÉO
K,2,AISHAT
K,2,SANVI
K,2,FABIAN
K,2,ORIANNA
M,2,FABRICE
K,2,KARMENA
M,2,STEPHEN
K,2,POLLA
M,2,ISAIAH
M,2,GIA
K,2,NAILAH
M,2,BENITO
M,2,SERGIEJ
M,2,HARRIS
K,2,THAO
K,2,MILEY
M,2,JUREK
K,2,JOLINE
K,2,AYAH
K,2,ABBEY
M,2,XUÂN
M,2,RADOSLAW
M,2,JULEK
M,2,YACOUB
M,2,GEVA
K,2,ELÉONORE
K,2,VENESSA
K,2,AINHOA
M,2,ATA
M,2,DARWIN
K,2,THẢO NHI
K,2,CATHERINA
M,2,HAMDAN
K,2,REEVA
M,2,RAJA
K,2,MINH THU
M,2,NICODÈME
K,2,BETTINA
M,2,KAYDEN
K,2,SHANTELLE
K,2,ROTEM
M,2,KUZMA
K,2,ADELLE
M,2,MESSI
K,2,SEFORA
K,2,MILITA
M,2,MOUSA
M,2,TALIANO
M,2,FEDOR
K,2,LIAH
K,2,MIKAELLA
K,2,RAISSA
K,2,KIM ANH
K,2,NIKKI
K,2,ZIHAN
M,2,JIBREEL
M,2,DION
M,2,RAY
M,2,BRENDAN
K,2,AGAM
M,2,TILO
M,2,CONSTANTIN
K,2,ANOUSHKA
M,2,MARWIN
M,2,LUKÁŠ
K,2,JASMEET
K,2,MARWA
K,2,MAYAH
K,2,SAMYA
K,2,MARIAME
K,2,AMNA
K,2,PHƯƠNG ANH
K,2,LETISIA
K,2,DIYA
K,2,YUFEI
K,2,LIVIANNA
K,2,IZABELL
K,2,LILYANNA
K,2,ANDZELIKA
K,2,NEVADA
K,2,MAYLA
M,2,AARYAN
M,2,ODO
M,2,FRED
K,2,ALISIYA
K,2,JULJA
M,2,LATINO
K,2,MIRKA
K,2,LÉANA
K,2,REA
K,2,SILENA
K,2,ELORA
K,2,GISELLE
K,2,KATYA
K,2,SUMIRE
K,2,AMBRA
K,2,ASMA
K,2,ALIKI
K,2,NOELA
K,2,JULE
K,2,WISŁAWA
K,2,SATYA
K,2,BLANCHE
K,2,FABIA
K,2,GABY
K,2,GAJANE
M,2,MANSUR
M,2,ARWID
K,2,ZSÓFIA
M,2,IGNAZIO
M,2,IGNAZ
M,2,DOV
M,2,TADEUS
M,2,CHASE
M,2,AVISHAY
M,2,AZLAN
M,2,ERTUĞRUL
M,2,FRANS
M,2,GÖKTÜRK
M,2,RAMEZ
M,2,SEBASTIANO
M,2,ADI
M,2,DEAN
M,2,ASAN
M,2,JUSUF
M,2,MOSES
K,2,ILINCA
K,2,JIYA
M,2,HAROUN
M,2,HANI
M,2,ALP
M,2,CURTIS
M,2,STIVEN
M,2,LYON
M,2,ALYAN
M,2,ALEHANDRO
M,2,STAN
M,2,KUZEY
M,2,TOMIŁ
M,2,MÍCHEÁL
M,2,GUILLERMO
M,2,AARUSH
M,2,MINH DUC
M,2,RONAN
M,2,FREDERICO
M,2,MİKAİL
M,2,CILLIAN
M,2,QUOC
M,2,LEANDRO
M,2,QUANG ANH
K,2,KAYRA
K,2,ZOHRA
K,2,DAPHNE
K,2,CANSU
K,2,QIANYU
K,2,LORA
K,2,LÍA
K,2,LETI
K,2,KHLOÉ
K,2,KAMILIA
K,2,JUDITH
K,2,HOAI AN
K,2,BẢO
K,2,SOFIKO
K,2,ASEL
K,2,ARLO
K,2,ANABELA
K,2,ALVIRA
K,2,AJSZA
K,2,AAHANA
M,2,YUVAAN
M,2,WŁADIMIR
K,2,SOFII
K,2,SZYMON
K,2,TAISJA
M,2,ZEFIRYN
K,2,WALESKA
K,2,SZCZĘSNA
K,2,MODESTA
K,2,MAI
K,2,HERMINA
K,2,GERDA
K,2,AUGUSTA
K,2,ADAMINA
M,2,OBINNA
K,2,TALITA
M,2,MOJMIR
M,2,KRISTAPS
M,2,HANS
M,2,AUGUSTUS
M,2,ARKADY
K,2,TIANTIAN
K,2,THIEN AN
K,2,THANH TRUC
M,2,TUAN KIET
M,2,ŚCIBOR
M,2,SULEIMAN
M,2,ATHARVA
M,2,HOANG QUAN
M,2,HOANG DAT
M,2,HAI DANG
M,2,GAGIK
M,2,FERENC
M,2,ELYAS
M,2,EKAM
M,2,DAVINCI
M,2,ARTEMIJ
M,2,SŁAWOJ
M,2,ALBANO
K,2,MILLENA
K,2,MAIKE
K,2,LAIMA
K,2,KORALINA
K,2,ZINA
K,2,GABRYELA
K,2,ESCADA
M,2,JOAN
M,2,JULIO
M,2,JUNHAO
M,2,JURII
M,2,SHER
M,2,SALAH
M,2,RUFIN
M,2,RUDRA
M,2,PHAN ANH
M,2,NAWOJ
M,2,MINH HUNG
M,2,MIKEL
M,2,MERGEN
M,2,MATEUSH
M,2,MALAKAI
M,2,LLOYD
M,2,LIVIAN
M,2,LARGO
M,2,KORAY
M,2,KEITH
M,2,KAMİL
K,2,SANTINA
K,2,MARYNIKA
K,2,MAEVE
K,2,INÊS
K,2,KITANA
K,2,ADELYN
K,2,CHANNEL
K,2,NATÁLIE
K,2,CLEMENTINA
K,2,JAEL
K,2,DANIKA
K,2,AVELINA
K,2,AUTUMN
M,2,NIELS
K,2,HAVEN
K,2,SOPHY
K,2,SULTAN
K,2,KORALIA
K,2,WIKTORIJA
K,2,ROBYN
K,2,DANIEL
K,2,SALLY
K,2,MILLI
M,2,ALEKOS
M,2,ROCCO
M,2,AYRTON
M,2,EDMOND
M,2,MOSHE
M,2,RUMI
M,2,EFREM
M,2,YARIN
M,2,ARIEN
M,2,NADIAN
M,2,HAI NAM
M,2,DARIJ
M,2,DENISS
M,2,IYAN
M,2,STUART
M,2,RADOWIT
M,2,ANTONIN
M,2,MIREK
M,2,DENIRO
M,2,POLAT
M,2,FILIPP
K,2,ALEX
K,2,LUZ
K,2,JASLEEN
K,2,MILKA
K,2,MAURYCJA
K,2,AYSU
K,2,ANNEMARIE
K,2,SIMRAN
K,2,MILJA
K,2,CHIMAMANDA
K,2,MILISSA
K,2,JOANNE
K,2,RINA
K,2,NISA
K,2,SIRI
K,2,AMALIE
K,2,THAO NHI
K,2,ISA
K,2,ARIN
K,2,NATHALI
K,2,SZILA
K,2,NELLE
K,2,MARYAME
K,2,MIAH
K,2,JULIETA
K,2,LEÏLA
K,2,HOPE
K,2,MAYKA
K,2,LORIN
K,2,MADDALENA
K,2,AMELLIA
K,2,JOSÉPHINE
K,2,RANI
K,2,MELINDA
K,2,NAIMA
K,2,INBAR
K,2,LILLIANNE
K,2,CHAJA
K,2,KRISTYNA
K,2,ANANYA
K,2,SOLANGE
K,2,ALEKSANRDA
K,2,GENEVIEVE
M,2,RÉMI
M,2,SIDNEY
K,2,SAYEN
K,2,AHNIYA
K,2,RABİA
K,2,MANESSA
K,2,SOFYA
K,2,JUSTINA
K,2,ADAOBI
K,2,LORETA
K,2,OLAYA
K,2,ELZBIETA
K,2,MYRIAM
K,2,ALLEGRA
K,2,YIHAN
K,2,HELENKA
K,2,MÉLISSA
K,2,PILAR
K,2,JADE
K,2,ENA
K,2,NIR
K,2,ADENIKE
K,2,ASLI
K,2,BISAN
M,2,NIHAL
K,2,BAO TIEN
K,2,HUYEN TRANG
K,2,THALIA
K,2,MÉLANIE
K,2,TATJANA
K,2,WALENTINA
K,2,SAOIRSE
K,2,ASSIYA
K,2,NÉLIA
K,2,AMEL
K,2,MADELINE
K,2,SUZANNAH
K,2,ALIZA
K,2,MAISSA
K,2,ADAEZE
K,2,ELEANA
K,2,ALLISON
K,2,CÉLINE
K,2,LIZZY
M,2,ARVID
M,2,TORIN
M,2,REMIK
M,2,YAIR
M,2,SOREN
M,2,BAHDAN
M,2,LAMIN
M,2,ALDO
M,2,CLÉMENT
M,2,BARTU
M,2,YASSER
M,2,ADIS
M,2,ASHTON
M,2,ANDERSON
M,2,MATHEUS
M,2,OLO
M,2,VINN
M,2,TSIMUR
M,2,LAWIN
M,2,MAURIZIO
M,2,RAÚL
M,2,DEWRAN
M,2,KEES
M,2,SAMER
M,2,GUSTAVE
M,2,INTI
M,2,POL
M,2,LUCIO
M,2,IDRISS
M,2,ODYS
M,2,IGNAS
M,2,LUDVIG
M,2,RAYMOND
M,2,REI
M,2,RASUL
M,2,DHRUV
M,2,ROKAS
M,2,JACOBO
M,2,FABRIZIO
M,2,DIMITRIJ
M,2,KASTIAN
M,2,ADEL
M,2,LEMMY
K,2,LEYLI
K,2,KAUR
K,2,GWEN
M,2,ANTONIJ
M,2,SHIO
M,2,TEON
M,2,DMYTRII
M,2,YUSIF
M,2,DUC AN
M,2,DANI
M,2,ARDEN
M,2,DANIŁO
M,2,SALWIN
M,2,ANDRIEJ
M,2,ILARION
M,2,JURA
K,2,KONSUELA
K,2,MOIRA
M,2,KARLO
K,2,YUXI
M,2,SIGSTEN
M,2,AVENIR
K,2,ERINA
M,2,MIHAEL
K,2,ŽOFIE
K,2,JOSEPHINA
K,2,ANNETA
K,2,DILEK
K,2,ARLEEN
K,2,DINARA
K,2,MIRABELA
M,2,LEWKO
M,2,ABRAM
M,2,TADEY
M,2,YAMAN
M,2,LOUIE
M,2,ARLO
M,2,LAURA
M,2,EMMANUIL
M,2,MURAD
K,2,LAYA
K,2,SALINA
K,2,JIAYAN
K,2,SHEILA
K,2,IANA
M,2,AVRAM
M,2,MÁRKÓ
M,2,GRANT
M,2,MIKOLAY
K,2,ASJA
M,2,RAKAN
K,2,MANE
K,2,MELIA
M,2,MARSEILLE
K,2,HOANG YEN
K,2,SAULĖ
M,2,ASİL
K,2,SKYLAR
M,2,GABRIELIUS
K,2,AWA
K,2,VENERA
K,2,GETA
M,2,KONSTIANTYN
M,2,NASIM
M,2,STASZEK
M,2,MATWEY
M,2,THYMON
K,2,IGOR
M,2,OSTIN
K,2,NUTSA
M,2,CHRISTOPHE
K,2,STEFANIJA
M,2,ERNESTO
M,2,MYCHAJLO
M,2,FERDINAND
K,2,MORGAN
K,2,AVNI
M,2,JULEN
M,2,ARHAM
M,2,IGNATIUS
K,2,STEFANI
M,2,MONTE
K,2,NENA
M,2,JULIÁN
K,2,ZORYANA
K,2,ROSALINA
K,2,ADELAIDE
K,2,AYRA
K,2,ATALIA
K,2,ANH THƯ
K,2,LEILANI
K,2,CECILY
K,2,TONYA
K,2,MAY
K,2,ORYNA
K,2,ELYA
K,2,VICTORIIA
K,2,JANIA
K,2,JULIJA
M,2,HORDIY
M,2,ENNIO
M,2,NAEL
M,2,KAYRA
M,2,XIAN
M,2,SYMON
M,2,SAAD
M,2,GEORGIY
M,2,DANISLAV
M,2,TIMOFIY
M,2,EVGENIY
M,2,IRAKLI
M,2,TELESFOR
M,2,NIKOLOS
M,2,LAVRIN
M,2,AMIL
M,2,IZHAAN
M,2,ZAZA
M,2,GAVRIIL
K,2,ARIIANA
K,2,NAVYA
K,2,VLASTA
K,2,THEIA
K,2,KHÁNH AN
K,2,ADEN
K,2,DAKOTA
K,2,JAŚMIN
K,2,FAY
K,2,NESLIHAN
K,2,VAIANA
K,2,MAXINE
K,2,MELINA
K,2,MISZELA
K,2,MAI ANH
K,2,TEYA
M,2,RUBIN
K,2,ÉLINE
K,2,EVANGELINE
K,2,ZAYA
K,2,SERAFYMA
K,2,VIENNA
K,2,BURLA
K,2,ELVINA
K,2,EMELI
K,2,NEIA
K,2,ANELIYA
K,2,NADA
K,2,MILADA
K,2,SESILI
K,2,STELA
K,2,ALICIIA
K,2,LAIA
K,2,INJI
K,2,CAMILIA
K,2,ANNA-MARIIA
K,2,ESTI
K,2,LIZ
K,2,EVGENIA
K,2,ADELAIDA
M,2,ASADULLAH
M,2,REECE
K,2,MADDISON
K,2,KHANH LINH
K,2,MERVE
K,2,VIORIKA
K,2,DIEP ANH
K,2,SNIZHANA
M,2,MARTÍN
M,2,ADIL
M,2,CASIMIR
M,2,MAKARIJ
M,2,YOUNES
M,2,ADVIK
M,2,AKI
M,2,TOMI
K,2,ALIX
M,2,ELVIN
M,2,AURELIO
K,2,PÉNÉLOPE
K,2,KAIRA
K,2,YANINA
K,2,FREYJA
M,2,ŁUKA
M,2,MATIJAS
M,2,OMELIAN
M,2,PROHOR
M,2,ILIJA
M,2,GORDIY
M,2,DAMIANE
M,2,MAXYMILLIAN
M,2,YEREMIY
M,2,DAUD
M,2,SAVVA
K,2,WIKTORIIA
K,2,LILJANNA
K,2,DANELIYA
K,2,LILIBET
K,2,REBEKKA
M,2,TRAVIS
M,2,JINGHENG
M,2,ZYNDRAM
M,2,CHIBUEZE
M,2,ELON
M,2,GINTER
M,2,HAKAN
M,2,HAN
M,2,NAPOLEON
M,2,RADOMIŁ
K,2,SŁAWOMIRA
M,2,RYHOR
K,2,SIGRID
K,2,RANA
K,2,AFRODYTA
K,2,ODETTE
K,2,BERNARDA
K,2,FORTUNATA
K,2,FRANCZESKA
M,2,BJØRN
K,2,OLIVIYA
K,2,INNA
K,2,DAR'IA
M,2,IOSIF
M,2,RITHVIK
M,2,ISAK
M,2,NICOLO
M,2,AUGUSTAS
M,2,MIHAI
K,2,YARINA
M,2,DARSH
M,2,DYZMA
M,2,NIKIFOR
M,2,NATE
M,2,ÁLVARO
M,2,KINAN
M,2,VUKAN
M,2,FARUK
M,2,JANIS
M,2,ALISTER
M,2,MYKOLAI
M,2,DENİZ
M,2,JON
M,2,FLAWIUSZ
M,2,ERAZM
M,2,DEYAN
M,2,FREDDIE
M,2,DEME
M,2,ILDAR
M,2,ABIR
M,2,ZDOBYSŁAW
M,2,ODYSEUSZ
M,2,MATVIEI
M,2,GORDEI
M,2,IOSUA
M,2,MIRKO
M,2,ARNAS
M,2,OTIS
M,2,AYLAN
M,2,AUGUSTE
M,2,KAJUS
M,2,IBROHIM
M,2,RAFAELL
M,2,LUKASH
M,2,YEFREM
M,2,HILARY
M,2,LEWI
M,2,EGE
M,2,JÁN
M,2,EZEKIEL
M,2,KRISTOFER
M,2,FLORENTY
M,2,DARIY
M,2,LENARD
M,2,CIRO
M,2,AYOMIDE
M,2,ANDRO
M,2,MOUSSA
M,2,WSIEWOŁOD
M,2,JOE
M,2,ODYSSEUS
M,2,ABDULMALIK
M,2,KONAN
M,2,ALEKSEY
M,2,ELISEY
K,2,MUNACHIMSO
K,2,JUNE
K,2,ALI
M,2,KIRYŁ
M,2,KAZIMIR
M,2,DŻEJSON
M,2,PETRU
M,2,RAJ
M,2,ADOLF
M,2,AURELIUS
M,2,PIUS
M,2,WALENTYN
K,2,RADOSLAVOVA
M,2,IACOB
K,2,JOLA
K,2,ADANNA
M,2,DIAN
M,2,GORDII
M,2,ELISEJ
M,2,LUCCA
M,2,KEANU
M,2,VLADLEN
M,2,SAWWA
M,2,BAO AN
M,2,RÜZGAR
M,2,NEITAN
M,2,YOSEF
M,2,ARMEN
M,2,AMARU
M,2,VIGO
M,2,LUKJAN
M,2,ZEUS
M,2,BOLKO
M,2,MUAZ
K,2,CELESTE
K,2,MAEVA
K,2,LILLIANE
K,2,GALYA
K,2,JUNONA
K,2,ANU
K,2,BÁRBARA
K,2,MEI
K,2,FRANCES
K,2,MAIYA
K,2,COCO
K,2,APOLLINE
K,2,YIXUAN
K,2,CHEN
K,2,SYEDA
K,2,CARMEL
K,2,AYALA
K,2,THUC
K,2,SCHANAJA
K,2,LULU
M,2,PARIS
M,2,RODIAN
M,2,HAIDAR
M,2,LOUKAS
M,2,ANDREJ
M,2,FRANO
M,2,CORNELL
M,2,MILENA
M,2,MAJK
K,2,RADHIKA
M,2,DZMITRY
M,2,MAYSON
K,2,YASSMINE
K,2,CASSIE
K,2,SENDI
K,2,SANAA
K,2,KARALINA
K,2,MICHELL
K,2,MILENE
K,2,IMOGEN
K,2,THERESA
K,2,LOTEM
K,2,GRENADA
K,2,SURAYA
K,2,LYNN
K,2,MILÉNA
K,2,HÉLÉNA
K,2,SERAFIMA
K,2,PHUONG ANH
K,2,PERLA
K,2,ARIANE
K,2,NATALII
K,2,AADYA
K,2,MANEA
K,2,ŚNIEŻKA
K,2,MORGANE
K,2,YUHAN
K,2,ZILAN
K,2,ANNA MARIA
K,2,ARYANA
K,2,FERNANDA
K,2,VALENTINE
K,2,DEMI
K,2,LINH TRANG
K,2,HANNAH-SOPHIE
K,2,KSANTIA
K,2,DOLORES
K,2,LEXIA
K,2,RAIDA
K,2,FEYZA
K,2,NYAH
K,2,JOVANA
K,2,MABEL
K,2,KIKA
K,2,IOANNA
K,2,SELENE
M,2,KARLOS
M,2,HAYDEN
M,2,SAVIO
M,2,AZAN
M,2,HARI
M,2,MATSVEI
M,2,ALEXIS
M,2,LUCIEN
M,2,KALVIN
M,2,JAVID
M,2,ROHAAN
M,2,ISRAEL
M,2,NOUR
M,2,JAHEIM
M,2,YIHANG
M,2,HORST
M,2,NAVE
M,2,OLUWATOBI
M,2,NAKSH
M,2,TADHG
K,2,MAISIE
K,2,LEELA
K,2,CORINNE
K,2,CRYSTAL
K,2,ABELLA
K,2,KAYLEIGH
K,2,MELITA
K,2,HA MY
K,2,AALIA
K,2,BEATRIZ
K,2,NANDIKA
K,2,JOLEEN
K,2,CHLOE'
K,2,SUSIE
K,2,AHATA
K,2,ANFISA
K,2,LAURYN
K,2,YARDEN
K,2,RIANA
M,2,AMADOU
M,2,KIERAN
M,2,QUANG MINH
M,2,YOUCEF
M,2,ELAD
M,2,ALAND
M,2,SEM
M,2,ALECK
M,2,ORESTIS
M,2,ZACHARIAS
M,2,OHAD
M,2,EDEN
M,2,SONNY
M,2,LAVI
M,2,JULES
M,2,MISZA
M,2,IAROSLAV
M,2,WILLEM
M,2,BADR
M,2,BENYAMIN
M,2,KAREN
M,2,FARID
M,2,AMEDEO
M,2,NICOLƠ
M,2,EMILE
M,2,KRISH
M,2,TYRONE
M,2,SALMAN
M,2,NICOLLAS
M,2,RAZ
M,2,HISHAM
M,2,AMRIT
M,2,JEROME
M,2,JAD
M,2,STSIAPAN
M,2,DŻONATAN
M,2,AIDAS
M,2,MAXIMILIÁN
M,2,JOSEP
K,2,IVONA
K,2,ELIZAWIETA
K,2,GINA
K,2,AYLIS
K,2,JOLANDA
K,2,ASHA
K,2,ALIVIA
K,2,ZHASMIN
K,2,RILEY
K,2,ANNE-SOPHIE
K,2,IRELIA
K,2,AN DUONG
K,2,MYRA
K,2,ISKRA
K,2,GABIJA
K,2,RENA
K,2,OLIVIJA
K,2,ALYONA
K,2,ROŻA
K,2,IRA
K,2,ROZALIIA
K,2,JESIENIJA
K,2,ILA
K,2,DŻASMINA
M,2,RUSŁAN
M,2,BENTLEY
M,2,MATS
M,2,GEORGES
M,2,VASILII
M,2,TYMOTHY
M,2,SAWIN
K,2,HATICE
K,2,AMÁLIA
K,2,NILAY
K,2,JOSEFINE
K,2,YESENIYA
K,2,ALLA
K,2,JELYZAVETA
K,2,EZRA
K,2,KAILANI
K,2,BAYA
K,2,ANAÏS
K,2,BEATRYCZE
M,2,ZIYAN
M,2,XUAN
K,2,VEDIKA
K,2,ANISIIA
K,2,BẢO NHI
K,2,VARWARA
K,2,RAJA
K,2,MEHAR
K,2,THERESE
K,2,VANI
K,2,VIOLET
K,2,ANNA-SOFIA
K,2,KARMELIA
K,2,LIDIIA
K,2,ZOHAL
K,2,IQRA
M,2,ZDZISLAW
M,2,RALPH
M,2,MUNACHIMSO
M,2,JUDE
K,2,PERPETUA
K,2,NARCYZA
K,2,LUSINE
K,2,LEXA
K,2,LEONARDA
K,2,KARIN
K,2,JULITTA
K,2,HILDA
K,2,ELFRYDA
K,2,CYRYLA
K,2,BLANDYNA
K,2,ANGELOVA
K,2,ALOJZA
M,2,ANATOLI
M,2,ANDŻELO
M,2,THÉODORE
M,2,NATIAN
M,2,LAMINE
M,2,ADONIS
M,2,REGEV
M,2,NADIM
M,2,KORNII
M,2,SEZGIN
M,2,KRISTOPHER
M,2,PARKER
M,2,THIBAULT
M,2,MIHAJLO
M,2,APOLINARY
M,2,HUDSON
M,2,HAIDER
M,2,PETROS
M,2,DENZEL
M,2,MOHID
M,2,MATISSE
M,2,MATÚŠ
M,2,YOUSIF
M,2,ZACHARIAH
M,2,SEÁN
M,2,IMAN
K,2,KHLOE
K,2,TYCJANA
K,2,SIBEL
K,2,ESPERANZA
K,2,MÍA
K,2,JULIANE
K,2,SILA
K,2,PARI
K,2,AURÉLIA
K,2,PHILIPPA
K,2,IOULIA
K,2,DAFINA
M,2,ALFIE
M,2,CHEN
M,2,AYOUB
M,2,DÁVID
M,2,AMAL
M,2,ZIV
M,2,SALWATOR
M,2,JORGE
M,2,ETAN
M,2,JAKOV
M,2,KRASIMIR
M,2,SHAKED
M,2,BORYSŁAW
M,2,AUGUSTINE
M,2,ROI
M,2,RAFAL
M,2,ARKHYP
M,2,RILEY
M,2,BLAZEJ
M,2,GREZEGORZ
M,2,VIET ANH
M,2,REMY
M,2,HAOCHEN
M,2,ASSAF
M,2,NEDIM
M,2,GRACIAN
M,2,LUDVIK
M,2,SALEH
M,2,TROY
M,2,GASTON
M,2,WILIAM
M,2,GAETANO
M,2,ÓSKAR
M,2,RUMEN
K,2,WENANCJA
M,2,MIKEY
M,2,SERGEJ
M,2,ARTSIOM
M,2,DAAN
M,2,ZIDAN
M,2,SAHIR
M,2,NEVO
M,2,ARDIT